stn,amendment_type,depth_name,depth_no,depth_m,substrate,timepoint,time_d,time_h,replicate,FISH_probe,cells_ml,substratecells_ml,dapifish_ml,dapifishsubstrate_ml
stn18,unamend,DCM,d2,104,lam,t0,0.2,5,2,EUB1,543265.1684,65436.54224,107908.2275,56215.13249
stn18,unamend,DCM,d2,104,lam,t0,0.2,5,2,EUB3,551690.968,41757.55323,19748.86635,10611.33117
stn18,unamend,DCM,d2,104,lam,t0,0.2,5,2,GAM42a,581335.0098,56469.31238,110272.6916,11148.44794
stn18,unamend,DCM,d2,104,lam,t0,0.2,5,2,PLA46,550844.1201,42066.34858,5453.045187,1644.569183
stn18,unamend,DCM,d2,104,lam,t0,0.2,5,2,CF319a,571378.8497,51020.44577,9401.802046,3635.363458
stn18,unamend,DCM,d2,104,lam,t1,1,24,1,EUB1,352520.0929,36353.63458,78105.23308,31396.32077
stn18,unamend,DCM,d2,104,lam,t1,1,24,1,EUB3,350272.1818,35469.35698,21910.43381,18078.56422
stn18,unamend,DCM,d2,104,lam,t1,1,24,1,GAM42a,349191.3981,35862.36925,168307.5028,21419.16848
stn18,unamend,DCM,d2,104,lam,t1,1,24,1,PLA46,345093.5263,35732.96277,31742.9297,15605.46265
stn18,unamend,DCM,d2,104,lam,t1,1,24,1,CF319a,346478.1019,39336.4969,18270.03174,12117.87819
stn18,unamend,DCM,d2,104,lam,t2,3,72,1,EUB1,532707.5616,35761.83122,98154.81336,11075.17705
stn18,unamend,DCM,d2,104,lam,t2,3,72,1,EUB3,537590.4547,31476.9275,22078.18295,11881.43179
stn18,unamend,DCM,d2,104,lam,t2,3,72,1,GAM42a,542880.943,36912.92126,129195.2244,7923.228049
stn18,unamend,DCM,d2,104,lam,t2,3,72,1,PLA46,545910.4126,34233.00589,4039.292731,403.9292731
stn18,unamend,DCM,d2,104,lam,t2,3,72,1,CF319a,519597.3056,31939.26466,14368.34129,5279.932641
stn18,unamend,DCM,d2,104,lam,t3,7,168,1,EUB1,252575.1384,2809.14449,42467.65494,908.8408644
stn18,unamend,DCM,d2,104,lam,t3,7,168,1,EUB3,276391.4903,3116.025821,2804.423239,519.3376368
stn18,unamend,DCM,d2,104,lam,t3,7,168,1,GAM42a,266694.3026,4241.257367,95731.23772,1009.823183
stn18,unamend,DCM,d2,104,lam,t3,7,168,1,PLA46,218977.1871,2138.449093,855.3796371,106.9224546
stn18,unamend,DCM,d2,104,lam,t3,7,168,1,CF319a,259564.9509,2908.290766,11269.62672,363.5363458
stn18,unamend,DCM,d2,104,lam,t4,10,240,3,EUB1,653301.4136,56835.8043,142843.1837,43713.02889
stn18,unamend,DCM,d2,104,lam,t4,10,240,3,EUB3,655507.9652,63878.52933,13710.51361,4154.701095
stn18,unamend,DCM,d2,104,lam,t4,10,240,3,GAM42a,589570.4149,47687.41477,65971.15451,6949.959552
stn18,unamend,DCM,d2,104,lam,t4,10,240,3,PLA46,605232.9345,50674.76335,4957.313806,550.8126451
stn18,unamend,DCM,d2,104,lam,t4,10,240,3,CF319a,574152.8867,53357.75398,68837.36612,39754.45846
stn19,unamend,DCM,d2,33,lam,t0,0.2,5,1,EUB1,1740269.872,35498.25494,361611.7416,22132.94811
stn19,unamend,DCM,d2,33,lam,t0,0.2,5,1,EUB3,1836767.387,31809.43026,25548.52652,6058.939096
stn19,unamend,DCM,d2,33,lam,t0,0.2,5,1,GAM42a,1829472.097,29475.91993,93438.66617,3635.363458
stn19,unamend,DCM,d2,33,lam,t0,0.2,5,1,PLA46,1608596.396,20150.30031,9555.812518,3427.628403
stn19,unamend,DCM,d2,33,lam,t0,0.2,5,1,CF319a,1759919.843,31001.57171,230946.5619,21004.3222
stn19,unamend,DCM,d2,33,lam,t1,2,48,1,EUB1,1417605.32,18083.60284,524610.9113,13888.9527
stn19,unamend,DCM,d2,33,lam,t1,2,48,1,EUB3,1494235.363,18883.69352,26154.42043,5655.009823
stn19,unamend,DCM,d2,33,lam,t1,2,48,1,GAM42a,1504774.469,17733.48028,51249.75801,4610.704873
stn19,unamend,DCM,d2,33,lam,t1,2,48,1,PLA46,1449671.09,18083.60284,34955.41786,3542.14901
stn19,unamend,DCM,d2,33,lam,t1,2,48,1,CF319a,1514571.019,17685.55196,239835.7351,12478.13944
stn19,unamend,DCM,d2,33,lam,t2,3,72,1,EUB1,1463184.665,75065.34275,203580.3536,20043.62555
stn19,unamend,DCM,d2,33,lam,t2,3,72,1,EUB3,1511641.526,71272.25726,19994.49902,4879.04043
stn19,unamend,DCM,d2,33,lam,t2,3,72,1,GAM42a,1473140.157,84794.85265,197672.888,6725.422397
stn19,unamend,DCM,d2,33,lam,t2,3,72,1,PLA46,1409086.01,68784.90332,6792.389618,1817.681729
stn19,unamend,DCM,d2,33,lam,t2,3,72,1,CF319a,1458315.359,80084.91853,87569.49035,22774.48284
stn19,unamend,DCM,d2,33,lam,t3,7,168,1,EUB1,1171192.927,25620.65675,331770.1937,22764.29975
stn19,unamend,DCM,d2,33,lam,t3,7,168,1,EUB3,1151137.839,21630.41257,7906.915521,1454.145383
stn19,unamend,DCM,d2,33,lam,t3,7,168,1,GAM42a,1203718.414,23547.24058,560754.8134,3222.253974
stn19,unamend,DCM,d2,33,lam,t3,7,168,1,PLA46,1121977.031,17553.61212,66890.68762,1661.880438
stn19,unamend,DCM,d2,33,lam,t3,7,168,1,CF319a,1114238.9,25187.87539,234567.4993,22331.51838
stn19,unamend,DCM,d2,33,lam,t4,10,240,2,EUB1,1049315.037,4474.293486,204698.927,2796.433429
stn19,unamend,DCM,d2,33,lam,t4,10,240,2,EUB3,951223.8823,2660.022042,5852.048493,620.6718099
stn19,unamend,DCM,d2,33,lam,t4,10,240,2,GAM42a,1048611.023,4400.703133,576683.4454,1817.681729
stn19,unamend,DCM,d2,33,lam,t4,10,240,2,PLA46,977209.1514,2697.205146,19466.78497,820.8885227
stn19,unamend,DCM,d2,33,lam,t4,10,240,2,CF319a,1010439.706,2774.356323,119775.6592,956.6745941
stn20,unamend,DCM,d2,64,lam,t0,0.2,5,1,EUB1,461691.1591,15544.31272,27954.69142,6643.940112
stn20,unamend,DCM,d2,64,lam,t0,0.2,5,1,EUB3,500928.013,16797.88632,18051.45993,7145.369555
stn20,unamend,DCM,d2,64,lam,t0,0.2,5,1,GAM42a,459759.8723,17608.79175,20562.52456,6134.675835
stn20,unamend,DCM,d2,64,lam,t0,0.2,5,1,PLA46,467529.7732,13329.66601,13880.47866,2754.063226
stn20,unamend,DCM,d2,64,lam,t0,0.2,5,1,CF319a,499976.0806,17154.37132,55893.71316,4430.599214
stn20,unamend,DCM,d2,64,lam,t1,1,24,1,EUB1,434934.8841,10615.2613,67472.34578,6107.410609
stn20,unamend,DCM,d2,64,lam,t1,1,24,1,EUB3,476655.3296,13104.21712,13949.65048,6509.836889
stn20,unamend,DCM,d2,64,lam,t1,1,24,1,GAM42a,475056.466,10906.09037,126275.4189,5132.277823
stn20,unamend,DCM,d2,64,lam,t1,1,24,1,PLA46,506277.8227,14541.45383,16038.3682,7591.494279
stn20,unamend,DCM,d2,64,lam,t1,1,24,1,CF319a,516986.9507,14637.12129,21333.84345,7175.059456
stn20,unamend,DCM,d2,64,lam,t2,3,72,1,EUB1,822099.4015,16824.12391,159364.1888,3550.820122
stn20,unamend,DCM,d2,64,lam,t2,3,72,1,EUB3,819487.4573,13393.44432,9375.411023,2583.021404
stn20,unamend,DCM,d2,64,lam,t2,3,72,1,GAM42a,853064.0022,16618.80438,96389.06539,3946.96604
stn20,unamend,DCM,d2,64,lam,t2,3,72,1,PLA46,784855.837,10906.09037,10332.08562,669.6722159
stn20,unamend,DCM,d2,64,lam,t2,3,72,1,CF319a,821245.9164,13243.10974,15407.01656,1298.344092
stn20,unamend,DCM,d2,64,lam,t3,7,168,1,EUB1,1048243.071,99133.56506,261885.9906,82215.14281
stn20,unamend,DCM,d2,64,lam,t3,7,168,1,EUB3,1119821.779,131911.7598,1558.01291,908.8408644
stn20,unamend,DCM,d2,64,lam,t3,7,168,1,GAM42a,1096529.486,126718.3834,198179.2422,20981.24053
stn20,unamend,DCM,d2,64,lam,t3,7,168,1,PLA46,1167741.966,142727.5305,8377.141881,1580.592808
stn20,unamend,DCM,d2,64,lam,t3,7,168,1,CF319a,1032912.301,133922.099,195371.4684,121256.9618
stn20,unamend,DCM,d2,64,lam,t4,10,240,3,EUB1,1048438.821,13814.38114,149569.2394,6232.051642
stn20,unamend,DCM,d2,64,lam,t4,10,240,3,EUB3,1059543.204,10575.60279,8813.002322,1101.62529
stn20,unamend,DCM,d2,64,lam,t4,10,240,3,GAM42a,1045894.067,12602.59332,182737.6031,3877.721022
stn20,unamend,DCM,d2,64,lam,t4,10,240,3,PLA46,1000971.361,9451.94499,4362.436149,830.9402189
stn20,unamend,DCM,d2,64,lam,t4,10,240,3,CF319a,1054154.42,13026.71906,21105.30452,3332.416503
stn18,amend,dA,d2,104,lam,t0,0,0,1,EUB1,2218718.299,8872.954719,1452766.478,4876.128269
stn18,amend,dA,d2,104,lam,t0,0,0,1,EUB3,2238650.707,9853.352736,4732.712731,1163.781819
stn18,amend,dA,d2,104,lam,t0,0,0,1,GAM42a,2249813.609,7354.160668,1003683.058,959.238348
stn18,amend,dA,d2,104,lam,t0,0,0,1,PLA46,2299611.906,6487.821529,3065.673909,499.0631945
stn18,amend,dA,d2,104,lam,t0,0,0,1,CF319a,2168065.185,5129.260611,191541.2462,879.301819
stn18,amend,dA,d2,104,lam,t1,3,72,1,EUB1,3846785.585,4076.762979,497365.0834,359.7143805
stn18,amend,dA,d2,104,lam,t1,3,72,1,EUB3,3936769.521,4464.147696,2536.447555,101.4579022
stn18,amend,dA,d2,104,lam,t1,3,72,1,GAM42a,4104580.891,5783.100425,589064.5801,507.2895109
stn18,amend,dA,d2,104,lam,t1,3,72,1,PLA46,4139055.586,4184.263828,1819.245143,0
stn18,amend,dA,d2,104,lam,t1,3,72,1,CF319a,4337941.313,5087.389095,140751.0983,0
stn18,amend,dA,d2,104,lam,t2,5,120,1,EUB1,4012099.029,1241.367274,2638526.141,931.0254554
stn18,amend,dA,d2,104,lam,t2,5,120,1,EUB3,4179516.946,2344.804851,7034.414552,97.70020211
stn18,amend,dA,d2,104,lam,t2,5,120,1,GAM42a,4182746.195,1249.534164,1125413.77,138.8371293
stn18,amend,dA,d2,104,lam,t2,5,120,1,PLA46,4198163.727,1130.53091,4145.280004,0
stn18,amend,dA,d2,104,lam,t2,5,120,1,CF319a,4492352.993,2001.169657,2086856.103,272.8867714
stn18,amend,dA,d2,104,lam,t3,10,240,1,EUB1,613712.3556,2745.91658,348319.5182,0
stn18,amend,dA,d2,104,lam,t3,10,240,1,EUB3,591140.9213,2141.814932,3295.099896,329.5099896
stn18,amend,dA,d2,104,lam,t3,10,240,1,GAM42a,584331.0482,5381.996497,268001.4582,219.6733264
stn18,amend,dA,d2,104,lam,t3,10,240,1,PLA46,602896.9874,3932.861166,3401.393441,1062.93545
stn18,amend,dA,d2,104,lam,t3,10,240,1,CF319a,630901.7934,3954.119875,59092.1248,0
stn19,amend,dA,d2,33,lam,t0,0,0,1,EUB1,1732928.025,1934.464002,135060.7594,351.7207276
stn19,amend,dA,d2,33,lam,t0,0,0,1,EUB3,1845214.867,2261.06182,43054.38549,1413.163638
stn19,amend,dA,d2,33,lam,t0,0,0,1,GAM42a,1774368.263,3956.858185,17523.22911,1036.320001
stn19,amend,dA,d2,33,lam,t0,0,0,1,PLA46,1739083.138,2989.626184,5627.531641,527.5810914
stn19,amend,dA,d2,33,lam,t0,0,0,1,CF319a,1734257.969,5523.11455,58446.09278,2390.60182
stn19,amend,dA,d2,33,lam,t1,3,72,3,EUB1,4339646.563,621400.922,1701095.321,115145.4353
stn19,amend,dA,d2,33,lam,t1,3,72,3,EUB3,4423305.488,544057.605,43477.01252,3112.038791
stn19,amend,dA,d2,33,lam,t1,3,72,3,GAM42a,4418208.682,517157.2574,232044.4032,5549.64193
stn19,amend,dA,d2,33,lam,t1,3,72,3,PLA46,4356122.062,546418.4621,6590.199792,2272.482687
stn19,amend,dA,d2,33,lam,t1,3,72,3,CF319a,4406003.057,564030.2029,1639369.01,300194.9629
stn19,amend,dA,d2,33,lam,t2,5,120,1,EUB1,4016399.48,16204.27638,2056561.34,9044.247281
stn19,amend,dA,d2,33,lam,t2,5,120,1,EUB3,4131679.374,1918.476696,11630.76497,0
stn19,amend,dA,d2,33,lam,t2,5,120,1,GAM42a,3685153.923,3956.858185,537839.6126,0
stn19,amend,dA,d2,33,lam,t2,5,120,1,PLA46,3929870.383,7710.800566,9334.127001,0
stn19,amend,dA,d2,33,lam,t2,5,120,1,CF319a,3675774.704,12310.22547,1457149.664,6155.112733
stn19,amend,dA,d2,33,lam,t3,10,240,1,EUB1,605639.3609,988.5299688,360813.4386,549.183316
stn19,amend,dA,d2,33,lam,t3,10,240,1,EUB3,611043.3247,790.823975,2108.863933,0
stn19,amend,dA,d2,33,lam,t3,10,240,1,GAM42a,607945.9308,823.774974,161577.577,117.6821391
stn19,amend,dA,d2,33,lam,t3,10,240,1,PLA46,575727.1763,549.183316,1647.549948,183.0611053
stn19,amend,dA,d2,33,lam,t3,10,240,1,CF319a,621998.5627,969.1470282,45065.33681,387.6588113
stn20,amend,dA,d2,64,lam,t0,0,0,1,EUB1,2099772.744,2198.254547,1198840.1,1846.53382
stn20,amend,dA,d2,64,lam,t0,0,0,1,EUB3,2242031.217,1601.585456,6877.39637,659.4763642
stn20,amend,dA,d2,64,lam,t0,0,0,1,GAM42a,1968088.503,1582.743274,235723.2316,316.5486548
stn20,amend,dA,d2,64,lam,t0,0,0,1,PLA46,1943081.16,2321.356802,12661.94619,844.1297462
stn20,amend,dA,d2,64,lam,t0,0,0,1,CF319a,2091859.027,1558.762315,183094.6197,479.619174
stn20,amend,dA,d2,64,lam,t1,3,72,1,EUB1,4173073.582,1590.737881,99421.11755,681.7448061
stn20,amend,dA,d2,64,lam,t1,3,72,1,EUB3,4309730.524,2167.828879,2427.968344,693.7052413
stn20,amend,dA,d2,64,lam,t1,3,72,1,GAM42a,4083334.864,1176.821391,54251.46614,706.0928349
stn20,amend,dA,d2,64,lam,t1,3,72,1,PLA46,4000439.565,2165.35136,13462.83672,470.7285566
stn20,amend,dA,d2,64,lam,t1,3,72,1,CF319a,4080491.409,2315.475603,30012.12608,1157.737801
stn20,amend,dA,d2,64,lam,t2,5,120,1,EUB1,2329017.795,4530.762357,1081204.653,1029.718717
stn20,amend,dA,d2,64,lam,t2,5,120,1,EUB3,2413369.93,3682.758707,5524.138061,969.1470282
stn20,amend,dA,d2,64,lam,t2,5,120,1,GAM42a,2295286.706,4093.911992,388222.6787,898.663608
stn20,amend,dA,d2,64,lam,t2,5,120,1,PLA46,2339520.926,4251.741801,37202.74076,1169.228995
stn20,amend,dA,d2,64,lam,t2,5,120,1,CF319a,2338157.437,4090.468836,456996.2683,1022.617209
stn20,amend,dA,d2,64,lam,t3,10,240,1,EUB1,1408537.523,72021.46915,258194.6133,353.0464174
stn20,amend,dA,d2,64,lam,t3,10,240,1,EUB3,1468516.187,95338.22366,210447.0467,94459.53035
stn20,amend,dA,d2,64,lam,t3,10,240,1,GAM42a,1486988.717,84374.52764,185124.7032,3594.654432
stn20,amend,dA,d2,64,lam,t3,10,240,1,PLA46,1461479.776,65696.05418,5148.593587,1544.578076
stn20,amend,dA,d2,64,lam,t3,10,240,1,CF319a,1501715.204,63882.42056,73129.95898,425.1741801
stn20,amend,dA,d2,64,lam,t4,15,360,1,EUB1,2399257.898,21365.00255,315054.0675,318.8806351
stn20,amend,dA,d2,64,lam,t4,15,360,1,EUB3,2518850.401,16855.70331,27501.41067,4562.44601
stn20,amend,dA,d2,64,lam,t4,15,360,1,GAM42a,2471893.043,14089.39266,224862.1619,1477.113746
stn20,amend,dA,d2,64,lam,t4,15,360,1,PLA46,2476728.886,23197.50327,21088.63933,6722.003788
stn20,amend,dA,d2,64,lam,t4,15,360,1,CF319a,2465451.048,18767.74289,69340.36303,429.7956386
stn18,unamend,bottom,d6,3190,lam,t0,0.2,5,1,EUB1,13895.16699,484.7151277,323.1434185,0
stn18,unamend,bottom,d6,3190,lam,t0,0.2,5,1,EUB3,13008.70599,550.217172,78.60245314,39.30122657
stn18,unamend,bottom,d6,3190,lam,t0,0.2,5,1,GAM42a,12869.18664,508.9508841,72.70726916,0
stn18,unamend,bottom,d6,3190,lam,t0,0.2,5,1,PLA46,13905.26523,454.4204322,90.88408644,0
stn18,unamend,bottom,d6,3190,lam,t0,0.2,5,1,CF319a,13839.45261,300.8576655,0,0
stn18,unamend,bottom,d6,3190,lam,t1,1,24,1,EUB1,1.65E+04,9.09E+02,1.14E+03,2.27E+02
stn18,unamend,bottom,d6,3190,lam,t1,1,24,1,EUB3,1.41E+04,5.23E+02,1.16E+02,0.00E+00
stn18,unamend,bottom,d6,3190,lam,t1,1,24,1,GAM42a,1.59E+04,8.55E+02,1.97E+03,1.71E+02
stn18,unamend,bottom,d6,3190,lam,t1,1,24,1,PLA46,2.01E+04,6.17E+02,2.20E+02,8.81E+01
stn18,unamend,bottom,d6,3190,lam,t1,1,24,1,CF319a,1.66E+04,5.56E+02,1.71E+02,4.28E+01
stn18,unamend,bottom,d6,3190,lam,t2,3,72,1,EUB1,3.21E+04,2.38E+03,4.30E+03,6.40E+02
stn18,unamend,bottom,d6,3190,lam,t2,3,72,1,EUB3,3.00E+04,2.26E+03,1.62E+03,3.77E+02
stn18,unamend,bottom,d6,3190,lam,t2,3,72,1,GAM42a,3.07E+04,2.66E+03,5.06E+03,1.90E+02
stn18,unamend,bottom,d6,3190,lam,t2,3,72,1,PLA46,2.70E+04,1.77E+03,1.04E+02,5.19E+01
stn18,unamend,bottom,d6,3190,lam,t2,3,72,1,CF319a,2.82E+04,2.16E+03,9.69E+02,4.41E+02
stn18,unamend,bottom,d6,3190,lam,t3,7,168,1,EUB1,3.04E+04,9.25E+02,1.89E+03,1.76E+02
stn18,unamend,bottom,d6,3190,lam,t3,7,168,1,EUB3,2.98E+04,1.33E+03,2.83E+02,8.08E+01
stn18,unamend,bottom,d6,3190,lam,t3,7,168,1,GAM42a,3.45E+04,1.60E+03,3.16E+03,2.51E+02
stn18,unamend,bottom,d6,3190,lam,t3,7,168,1,PLA46,3.15E+04,1.60E+03,2.91E+02,4.85E+01
stn18,unamend,bottom,d6,3190,lam,t3,7,168,1,CF319a,3.22E+04,1.16E+03,4.99E+02,2.08E+02
stn18,unamend,bottom,d6,3190,lam,t4,10,240,1,EUB1,3.55E+04,1.64E+03,4.00E+03,9.09E+01
stn18,unamend,bottom,d6,3190,lam,t4,10,240,1,EUB3,3.35E+04,1.16E+03,5.33E+02,1.45E+02
stn18,unamend,bottom,d6,3190,lam,t4,10,240,1,GAM42a,3.23E+04,1.26E+03,9.83E+02,1.18E+02
stn18,unamend,bottom,d6,3190,lam,t4,10,240,1,PLA46,3.27E+04,1.77E+03,7.73E+02,4.54E+01
stn18,unamend,bottom,d6,3190,lam,t4,10,240,1,CF319a,3.03E+04,1.45E+03,9.43E+02,2.75E+02
stn19,unamend,bottom,d6,4325,lam,t0,0.2,5,1,EUB1,2.71E+04,9.91E+02,2.94E+03,0.00E+00
stn19,unamend,bottom,d6,4325,lam,t0,0.2,5,1,EUB3,2.73E+04,9.84E+02,1.71E+02,4.28E+01
stn19,unamend,bottom,d6,4325,lam,t0,0.2,5,1,GAM42a,2.53E+04,1.41E+03,5.50E+02,0.00E+00
stn19,unamend,bottom,d6,4325,lam,t0,0.2,5,1,PLA46,2.92E+04,9.45E+02,2.54E+02,0.00E+00
stn19,unamend,bottom,d6,4325,lam,t0,0.2,5,1,CF319a,2.77E+04,7.67E+02,6.06E+02,8.08E+01
stn19,unamend,bottom,d6,4325,lam,t1,2,48,1,EUB1,1.23E+04,1.24E+03,5.56E+02,8.55E+01
stn19,unamend,bottom,d6,4325,lam,t1,2,48,1,EUB3,1.47E+04,2.24E+03,6.71E+02,2.24E+02
stn19,unamend,bottom,d6,4325,lam,t1,2,48,1,GAM42a,1.15E+04,1.21E+03,0.00E+00,0.00E+00
stn19,unamend,bottom,d6,4325,lam,t1,2,48,1,PLA46,1.18E+04,1.21E+03,0.00E+00,0.00E+00
stn19,unamend,bottom,d6,4325,lam,t1,2,48,1,CF319a,1.24E+04,1.24E+03,2.14E+02,8.55E+01
stn19,unamend,bottom,d6,4325,lam,t2,3,72,1,EUB1,1.94E+04,5.82E+02,1.74E+03,1.45E+02
stn19,unamend,bottom,d6,4325,lam,t2,3,72,1,EUB3,2.04E+04,7.59E+02,5.69E+02,1.26E+02
stn19,unamend,bottom,d6,4325,lam,t2,3,72,1,GAM42a,1.71E+04,7.27E+02,2.18E+03,2.91E+02
stn19,unamend,bottom,d6,4325,lam,t2,3,72,1,PLA46,1.81E+04,7.27E+02,1.82E+02,0.00E+00
stn19,unamend,bottom,d6,4325,lam,t2,3,72,1,CF319a,2.01E+04,4.36E+02,2.18E+02,0.00E+00
stn19,unamend,bottom,d6,4325,lam,t3,7,168,1,EUB1,2.27E+04,8.44E+02,1.50E+03,9.38E+01
stn19,unamend,bottom,d6,4325,lam,t3,7,168,1,EUB3,2.21E+04,2.64E+02,1.76E+02,4.41E+01
stn19,unamend,bottom,d6,4325,lam,t3,7,168,1,GAM42a,2.47E+04,8.98E+02,2.10E+03,3.42E+02
stn19,unamend,bottom,d6,4325,lam,t3,7,168,1,PLA46,2.15E+04,4.99E+02,2.91E+02,4.15E+01
stn19,unamend,bottom,d6,4325,lam,t3,7,168,1,CF319a,2.07E+04,7.27E+02,2.24E+02,1.12E+02
stn19,unamend,bottom,d6,4325,lam,t4,10,240,1,EUB1,3.32E+04,1.53E+03,1.04E+04,5.74E+02
stn19,unamend,bottom,d6,4325,lam,t4,10,240,1,EUB3,3.39E+04,2.07E+03,3.23E+02,1.29E+02
stn19,unamend,bottom,d6,4325,lam,t4,10,240,1,GAM42a,3.16E+04,1.56E+03,1.77E+03,1.06E+02
stn19,unamend,bottom,d6,4325,lam,t4,10,240,1,PLA46,3.15E+04,1.62E+03,6.76E+01,6.76E+01
stn19,unamend,bottom,d6,4325,lam,t4,10,240,1,CF319a,3.36E+04,1.95E+03,4.26E+02,1.06E+02
stn20,unamend,bottom,d7,5580,lam,t0,0.2,5,1,EUB1,1.34E+04,7.27E+02,6.46E+02,8.08E+01
stn20,unamend,bottom,d7,5580,lam,t0,0.2,5,1,EUB3,1.51E+04,5.92E+02,3.23E+02,1.62E+02
stn20,unamend,bottom,d7,5580,lam,t0,0.2,5,1,GAM42a,1.33E+04,1.01E+03,2.66E+03,1.90E+02
stn20,unamend,bottom,d7,5580,lam,t0,0.2,5,1,PLA46,1.51E+04,5.16E+02,2.81E+02,2.35E+02
stn20,unamend,bottom,d7,5580,lam,t0,0.2,5,1,CF319a,1.51E+04,2.64E+02,2.64E+02,4.41E+01
stn20,unamend,bottom,d7,5580,lam,t2,3,72,1,EUB1,1.26E+04,4.47E+02,4.47E+02,0.00E+00
stn20,unamend,bottom,d7,5580,lam,t2,3,72,1,EUB3,1.14E+04,5.09E+02,1.45E+02,1.45E+02
stn20,unamend,bottom,d7,5580,lam,t2,3,72,1,GAM42a,1.22E+04,7.27E+02,1.92E+03,3.97E+02
stn20,unamend,bottom,d7,5580,lam,t2,3,72,1,PLA46,1.22E+04,2.42E+02,2.42E+02,0.00E+00
stn20,unamend,bottom,d7,5580,lam,t2,3,72,1,CF319a,1.12E+04,1.38E+02,6.92E+01,0.00E+00
stn20,unamend,bottom,d7,5580,lam,t3,7,168,1,EUB1,1.34E+04,1.00E+02,1.55E+03,0.00E+00
stn20,unamend,bottom,d7,5580,lam,t3,7,168,1,EUB3,1.49E+04,4.07E+02,1.16E+02,0.00E+00
stn20,unamend,bottom,d7,5580,lam,t3,7,168,1,GAM42a,1.39E+04,5.92E+02,1.62E+02,1.62E+02
stn20,unamend,bottom,d7,5580,lam,t3,7,168,1,PLA46,1.37E+04,7.27E+02,8.31E+02,1.04E+02
stn20,unamend,bottom,d7,5580,lam,t3,7,168,1,CF319a,1.54E+04,5.71E+02,1.04E+02,0.00E+00
stn20,unamend,bottom,d7,5580,lam,t4,10,240,1,EUB1,15123.11198,232.6632613,4420.601965,0
stn20,unamend,bottom,d7,5580,lam,t4,10,240,1,EUB3,17995.04912,605.8939096,302.9469548,0
stn20,unamend,bottom,d7,5580,lam,t4,10,240,1,GAM42a,14347.56778,824.0157171,2859.819253,290.8290766
stn20,unamend,bottom,d7,5580,lam,t4,10,240,1,PLA46,16095.8851,601.7153309,150.4288327,50.14294425
stn20,unamend,bottom,d7,5580,lam,t4,10,240,1,CF319a,16359.13556,136.3261297,45.44204322,0
stn18,amend,dC,d6,3190,lam,t0,0,0,1,EUB1,38493.87963,488.5010105,1465.503032,293.1006063
stn18,amend,dC,d6,3190,lam,t0,0,0,1,EUB3,34037.48977,0,255.2811732,0
stn18,amend,dC,d6,3190,lam,t0,0,0,1,GAM42a,39224.50723,573.457708,1720.373124,573.457708
stn18,amend,dC,d6,3190,lam,t0,0,0,1,PLA46,37389.44256,229.3830832,344.0746248,0
stn18,amend,dC,d6,3190,lam,t0,0,0,1,CF319a,33664.69821,0,125.6145456,0
stn18,amend,dC,d6,3190,lam,t1,3,72,1,EUB1,1757504.511,11540.83637,867211.419,10881.36001
stn18,amend,dC,d6,3190,lam,t1,3,72,1,EUB3,1732727.042,565.265455,565.265455,0
stn18,amend,dC,d6,3190,lam,t1,3,72,1,GAM42a,1682172.018,1217.494826,91109.19616,0
stn18,amend,dC,d6,3190,lam,t1,3,72,1,PLA46,1707648.098,1450.848001,527.5810914,0
stn18,amend,dC,d6,3190,lam,t1,3,72,1,CF319a,1722552.263,5395.715707,1678.667109,119.9047935
stn18,amend,dC,d6,3190,lam,t2,5,120,1,EUB1,2143835.535,55982.21581,1090920.457,56275.31641
stn18,amend,dC,d6,3190,lam,t2,5,120,1,EUB3,2199810.235,35408.80786,608.7474131,0
stn18,amend,dC,d6,3190,lam,t2,5,120,1,GAM42a,2188502.291,61711.00039,127019.1446,1998.413225
stn18,amend,dC,d6,3190,lam,t2,5,120,1,PLA46,2078962.601,49827.10307,94378.39524,0
stn18,amend,dC,d6,3190,lam,t2,5,120,1,CF319a,1254512.467,20349.55638,3580.014549,0
stn18,amend,dC,d6,3190,lam,t3,10,240,1,EUB1,2242132.418,13058.35885,1324386.077,12692.23664
stn18,amend,dC,d6,3190,lam,t3,10,240,1,EUB3,2289460.755,10392.23813,633.6730569,0
stn18,amend,dC,d6,3190,lam,t3,10,240,1,GAM42a,2201858.975,11959.99221,337564.6782,1220.407369
stn18,amend,dC,d6,3190,lam,t3,10,240,1,PLA46,2285085.876,14498.43954,790.823975,0
stn18,amend,dC,d6,3190,lam,t3,10,240,1,CF319a,2237738.952,12326.11443,82499.53814,366.1222107
stn19,amend,dC,d6,4325,lam,t0,0,0,1,EUB1,22257.32729,0,1483.821819,0
stn19,amend,dC,d6,4325,lam,t0,0,0,1,EUB3,21103.24366,0,0,0
stn19,amend,dC,d6,4325,lam,t0,0,0,1,GAM42a,20270.22088,0,138.8371293,0
stn19,amend,dC,d6,4325,lam,t0,0,0,1,PLA46,21103.24366,527.5810914,263.7905457,0
stn19,amend,dC,d6,4325,lam,t0,0,0,1,CF319a,20810.14305,146.5503032,0,0
stn19,amend,dC,d6,4325,lam,t1,3,72,1,EUB1,1709362.736,277.6742586,1152764.685,0
stn19,amend,dC,d6,4325,lam,t1,3,72,1,EUB3,1540254.154,188.4218183,376.8436367,0
stn19,amend,dC,d6,4325,lam,t1,3,72,1,GAM42a,1733414.227,155.1709092,6672.349097,0
stn19,amend,dC,d6,4325,lam,t1,3,72,1,PLA46,1602841.601,125.6145456,79639.62189,0
stn19,amend,dC,d6,4325,lam,t1,3,72,1,CF319a,1697264.756,272.8867714,2819.829971,0
stn19,amend,dC,d6,4325,lam,t2,5,120,1,EUB1,1747815.131,1765.232087,1112802.308,1882.914226
stn19,amend,dC,d6,4325,lam,t2,5,120,1,EUB3,1689356.528,308.9156152,514.8593587,102.9718717
stn19,amend,dC,d6,4325,lam,t2,5,120,1,GAM42a,1738314.972,1597.624192,34948.0292,0
stn19,amend,dC,d6,4325,lam,t2,5,120,1,PLA46,1836625.918,1569.095189,102148.0968,156.9095189
stn19,amend,dC,d6,4325,lam,t2,5,120,1,CF319a,1765264.551,227.2482687,8749.058344,0
stn19,amend,dC,d6,4325,lam,t3,10,240,1,EUB1,,,,
stn19,amend,dC,d6,4325,lam,t3,10,240,1,EUB3,2743376.607,1235.662461,411.887487,0
stn19,amend,dC,d6,4325,lam,t3,10,240,1,GAM42a,2781258.142,969.1470282,353351.0065,0
stn19,amend,dC,d6,4325,lam,t3,10,240,1,PLA46,2842977.505,1560.836793,693.7052413,0
stn19,amend,dC,d6,4325,lam,t3,10,240,1,CF319a,2664732.959,2435.508619,109024.827,143.2652129
stn19,amend,dC,d6,4325,lam,t4,15,360,1,EUB1,3169586.545,5391.981648,1122281.069,3894.208968
stn19,amend,dC,d6,4325,lam,t4,15,360,1,EUB3,2952762.553,3883.510592,117.6821391,0
stn19,amend,dC,d6,4325,lam,t4,15,360,1,GAM42a,3273484.041,2767.883913,462632.0254,131.8039958
stn19,amend,dC,d6,4325,lam,t4,15,360,1,PLA46,3072971.397,9788.384985,1841.379354,0
stn19,amend,dC,d6,4325,lam,t4,15,360,1,CF319a,2661813.078,8630.023537,239600.8353,1569.095189
stn20,amend,dC,d7,5580,lam,t0,0,0,1,EUB1,12002.46983,263.7905457,923.2669099,0
stn20,amend,dC,d7,5580,lam,t0,0,0,1,EUB3,9797.934554,0,0,0
stn20,amend,dC,d7,5580,lam,t0,0,0,1,GAM42a,10551.62183,405.8316088,202.9158044,202.9158044
stn20,amend,dC,d7,5580,lam,t0,0,0,1,PLA46,20223.94184,0,0,0
stn20,amend,dC,d7,5580,lam,t0,0,0,1,CF319a,10258.52122,146.5503032,146.5503032,146.5503032
stn20,amend,dC,d7,5580,lam,t1,3,72,1,EUB1,34392.60516,205.9437435,13386.34333,0
stn20,amend,dC,d7,5580,lam,t1,3,72,1,EUB3,45682.06674,149.777268,149.777268,149.777268
stn20,amend,dC,d7,5580,lam,t1,3,72,1,GAM42a,31752.78082,0,599.109072,0
stn20,amend,dC,d7,5580,lam,t1,3,72,1,PLA46,33362.88645,0,411.887487,0
stn20,amend,dC,d7,5580,lam,t1,3,72,1,CF319a,29289.77685,0,0,0
stn20,amend,dC,d7,5580,lam,t3,10,240,1,EUB1,2001048.265,263.6079917,1217605.314,263.6079917
stn20,amend,dC,d7,5580,lam,t3,10,240,1,EUB3,2008306.575,0,113.6241343,0
stn20,amend,dC,d7,5580,lam,t3,10,240,1,GAM42a,2076523.138,122.0407369,155846.021,0
stn20,amend,dC,d7,5580,lam,t3,10,240,1,PLA46,1982277.179,274.591658,1372.95829,0
stn20,amend,dC,d7,5580,lam,t3,10,240,1,CF319a,2278508.431,106.293545,21258.70901,0
stn20,amend,dC,d7,5580,lam,t4,15,360,1,EUB1,2659035.779,659.0199792,1218857.452,439.3466528
stn20,amend,dC,d7,5580,lam,t4,15,360,1,EUB3,2594341.985,366.1222107,732.2444213,0
stn20,amend,dC,d7,5580,lam,t4,15,360,1,GAM42a,2664676.677,353.0464174,735278.0054,0
stn20,amend,dC,d7,5580,lam,t4,15,360,1,PLA46,2716870.885,244.0814738,2684.896212,0
stn20,amend,dC,d7,5580,lam,t4,15,360,1,CF319a,2253975.063,0,147392.353,0
