,X,rate.x.nM.hr,rate.1.nM.hr,rate.2.nM.hr,rate.3.nM.hr,mean.rate.nM.hr,sd.rate.nM.hr,kcrate.x.nM.hr,kcrate.1.nM.hr,kcrate.2.nM.hr,kcrate.3.nM.hr,mean.kcrate.nM.hr,sd.kcrate.nM.hr
1,stn17-d1-bulk-ara-t0,0,0,0,0,0,0,0,0,0,0,0,0
2,stn17-d1-bulk-ara-t1,0.035041231,1.175886572,2.551005841,2.492324772,2.073072395,0.777539496,0,0,0,0,0,0
3,stn17-d1-bulk-ara-t2,0.010296893,0.590303946,0.978026989,1.448997303,1.005776079,0.430018697,0,0,0,0,0,0
4,stn17-d1-bulk-ara-t3,0.005194204,0.435934232,0.659237602,0.700594809,0.598588881,0.142372771,0,0,0,0,0,0
5,stn17-d1-bulk-ara-t4,0.004378127,0.621990902,0.984140191,0.833972782,0.813367958,0.181951768,0,0,0,0,0,0
6,stn17-d1-bulk-ara-t5,0.001281081,0.288811446,0.415320388,0.403125557,0.369085797,0.06978651,0,0,0,0,0,0
7,stn17-d1-bulk-chn-t0,0,0,0,0,0,0,0,0,0,0,0,0
8,stn17-d1-bulk-chn-t1,4.001142182,8.546096645,3.786139335,11.02007433,7.784103436,3.676673648,0,0,0,0,0,0
9,stn17-d1-bulk-chn-t2,1.100517858,2.988534173,3.343987064,5.038173524,3.790231587,1.095265264,0,0,0,0,0,0
10,stn17-d1-bulk-chn-t3,0.656138318,1.99172207,0.013070708,1.248944076,1.084578951,0.999513493,0,0,0,0,0,0
11,stn17-d1-bulk-chn-t4,0.552952783,1.203175116,1.492312982,1.367176186,1.354221428,0.145003606,0,0,0,0,0,0
12,stn17-d1-bulk-chn-t5,0.568626559,1.314850333,0.986939998,1.00863831,1.103476214,0.183376574,0,0,0,0,0,0
13,stn17-d1-bulk-fuc-t0,0,0,0,0,0,0,0,0,0,0,0,0
14,stn17-d1-bulk-fuc-t1,4.132878084,3.328521585,3.290101575,0.502570057,2.373731072,1.620586833,0,0,0,0,0,0
15,stn17-d1-bulk-fuc-t2,1.477350237,2.37559,2.163623519,2.511535941,2.35024982,0.175334985,0,0,0,0,0,0
16,stn17-d1-bulk-fuc-t3,1.192600302,1.654984886,1.709156137,0.851837809,1.405326277,0.480099724,0,0,0,0,0,0
17,stn17-d1-bulk-fuc-t4,0.870747023,1.282024693,1.155584295,0.864570948,1.100726645,0.214065244,0,0,0,0,0,0
18,stn17-d1-bulk-fuc-t5,0.801432827,0.800527504,0.601971908,0.74082138,0.714440264,0.101872732,0,0,0,0,0,0
19,stn17-d1-bulk-lam-t0,0,0,0,0,0,0,0,0,0,0,0,0
20,stn17-d1-bulk-lam-t1,0.644310784,6.462118529,7.815588178,8.919943543,7.732550083,1.231014802,0,5.817807745,7.171277393,8.275632758,7.088239299,1.231014802
21,stn17-d1-bulk-lam-t2,1.009069712,6.367693466,7.597513283,6.786473156,6.917226635,0.62524919,0,5.358623754,6.588443571,5.777403443,5.908156923,0.62524919
22,stn17-d1-bulk-lam-t3,0.480777229,4.619640884,4.701669677,2.923752808,4.081687789,1.003639501,0,4.138863655,4.220892448,2.442975579,3.60091056,1.003639501
23,stn17-d1-bulk-lam-t4,0.513995133,3.424161967,3.510628555,2.613921343,3.182903955,0.494646366,0,2.910166834,2.996633422,2.099926209,2.668908822,0.494646366
24,stn17-d1-bulk-lam-t5,1.447638331,2.076050483,1.966833669,1.787696154,1.943526768,0.145583184,0,0.628412152,0.519195338,0.340057823,0.495888438,0.145583184
25,stn17-d1-bulk-pul-t0,0,0,0,0,0,0,0,0,0,0,0,0
26,stn17-d1-bulk-pul-t1,0.010027513,2.895112099,2.936076328,3.726907134,3.186031854,0.468859327,0,0,0,0,0,0
27,stn17-d1-bulk-pul-t2,0.030356116,2.608595223,1.623887172,1.665312217,1.965931537,0.556948353,0,0,0,0,0,0
28,stn17-d1-bulk-pul-t3,0.000800181,2.711608761,2.037099717,1.332424366,2.027044281,0.68964718,0,2.710808579,2.036299536,1.331624185,2.0262441,0.68964718
29,stn17-d1-bulk-pul-t4,0.150431555,4.057725999,4.393039248,5.264651419,4.571805555,0.623005046,0,3.907294444,4.242607693,5.114219864,4.421374,0.623005046
30,stn17-d1-bulk-pul-t5,0.017341725,3.86887678,3.816609483,4.128864736,3.938117,0.167246799,0,3.851535056,3.799267759,4.111523011,3.920775275,0.167246799
31,stn17-d1-bulk-xyl-t0,0,0,0,0,0,0,0,0,0,0,0,0
32,stn17-d1-bulk-xyl-t1,2.50890924,0.657258721,0.034276025,17.24522695,5.978920566,9.761878484,0,0,0,0,0,0
33,stn17-d1-bulk-xyl-t2,1.549251617,1.614214775,2.900925129,7.434207359,3.983115754,3.057193293,0,0,0,0,0,0
34,stn17-d1-bulk-xyl-t3,0.838940674,0.925970098,1.208067775,3.782681652,1.972239842,1.574220263,0,0,0,0,0,0
35,stn17-d1-bulk-xyl-t4,1.061028218,0.860954046,1.377255414,3.035659012,1.757956158,1.136237305,0,0,0,0,0,0
36,stn17-d1-bulk-xyl-t5,0.860779398,0.768169544,1.215495518,1.835036669,1.272900577,0.535745155,0,0,0,0,0,0
37,stn17-d2-bulk-ara-t0,0,0,0,0,0,0,0,0,0,0,0,0
38,stn17-d2-bulk-ara-t1,0.019281358,4.686611451,3.015046061,4.30228556,4.001314357,0.875482988,0,0,0,0,0,0
39,stn17-d2-bulk-ara-t2,0.810509356,2.117397104,1.71735566,1.749019842,1.861257535,0.222387643,0,0,0,0,0,0
40,stn17-d2-bulk-ara-t3,0.022750269,0.634364066,0.490052115,0.444910474,0.523108885,0.098958216,0,0,0,0,0,0
41,stn17-d2-bulk-ara-t4,1.148979888,0.331123276,0.248589042,0.171965069,0.250559129,0.079597391,0,0,0,0,0,0
42,stn17-d2-bulk-ara-t5,0.295958664,0.046171538,0.024163193,0.125054733,0.065129821,0.053050336,0,0,0,0,0,0
43,stn17-d2-bulk-chn-t0,0,0,0,0,0,0,0,0,0,0,0,0
44,stn17-d2-bulk-chn-t1,11.87744099,25.03396119,32.85292283,38.15565282,32.01417894,6.600932983,0,13.1565202,20.97548183,26.27821182,20.13673795,6.600932983
45,stn17-d2-bulk-chn-t2,3.451763994,11.02313452,14.44547349,15.6033417,13.6906499,2.381573734,0,7.571370522,10.99370949,12.15157771,10.23888591,2.381573734
46,stn17-d2-bulk-chn-t3,2.090389704,5.080843879,7.67326192,6.452539949,6.402215249,1.296941501,0,2.990454175,5.582872216,4.362150245,4.311825546,1.296941501
47,stn17-d2-bulk-chn-t4,1.917818741,3.11949604,4.697011075,4.655423802,4.157310306,0.899014023,0,1.201677298,2.779192333,2.737605061,2.239491564,0.899014023
48,stn17-d2-bulk-chn-t5,1.171645326,2.034126078,2.525201725,2.686813438,2.415380413,0.339920193,0,0.862480751,1.353556399,1.515168111,1.243735087,0.339920193
49,stn17-d2-bulk-fuc-t0,0,0,0,0,0,0,0,0,0,0,0,0
50,stn17-d2-bulk-fuc-t1,13.80755255,1.875411049,0.041026717,0.0380665,0.651501422,1.059937863,0,0,0,0,0,0
51,stn17-d2-bulk-fuc-t2,5.852917067,2.731794469,0.00262965,0.004748857,0.913057658,1.575072637,0,0,0,0,0,0
52,stn17-d2-bulk-fuc-t3,2.841768121,1.083509694,0.003888588,0.003893615,0.363763966,0.623318085,0,0,0,0,0,0
53,stn17-d2-bulk-fuc-t4,2.056673399,1.038640916,0.340330358,0.073986543,0.484319272,0.498185829,0,0,0,0,0,0
54,stn17-d2-bulk-fuc-t5,1.545522417,0.899545586,0.97391699,0.171697686,0.681720087,0.443254908,0,0,0,0,0,0
55,stn17-d2-bulk-lam-t0,0,0,0,0,0,0,0,0,0,0,0,0
56,stn17-d2-bulk-lam-t1,2.52116686,6.884329858,8.170934506,6.883969788,7.313078051,0.742925505,0,4.363162998,5.649767646,4.362802929,4.791911191,0.742925505
57,stn17-d2-bulk-lam-t2,1.420197713,5.356008388,5.232319662,6.174381741,5.58756993,0.511943162,0,3.935810675,3.812121949,4.754184028,4.167372217,0.511943162
58,stn17-d2-bulk-lam-t3,0.901509944,4.852067679,4.900368443,NA,4.876218061,0.034153798,0,3.950557735,3.9988585,,3.974708117,
59,stn17-d2-bulk-lam-t4,3.702213885,3.86335216,3.841903113,3.769088588,3.824781287,0.04940924,0,0.161138275,0.139689227,0.066874702,0.122567401,0.04940924
60,stn17-d2-bulk-lam-t5,2.221387323,2.942593187,2.54587561,2.278267443,2.58891208,0.334247329,0,0.721205863,0.324488287,0.05688012,0.367524757,0.334247329
61,stn17-d2-bulk-pul-t0,0,0,0,0,0,0,0,0,0,0,0,0
62,stn17-d2-bulk-pul-t1,0.022713199,6.396050987,7.409704256,17.10283833,10.30286453,5.910719591,0,0,0,0,0,0
63,stn17-d2-bulk-pul-t2,0.419403158,4.132341613,3.502225736,3.943863234,3.859476861,0.323422788,0,0,0,0,0,0
64,stn17-d2-bulk-pul-t3,0,2.033773431,1.576126872,1.749404828,1.786435044,0.231059561,0,2.033773431,1.576126872,1.749404828,1.786435044,0.231059561
65,stn17-d2-bulk-pul-t4,0.067174465,2.610339065,1.976327198,1.977372421,2.188012895,0.365745565,0,2.5431646,1.909152733,1.910197957,2.12083843,0.365745565
66,stn17-d2-bulk-pul-t5,0,2.357451069,1.955987749,2.23301974,2.182152853,0.205508587,0,2.357451069,1.955987749,2.23301974,2.182152853,0.205508587
67,stn17-d2-bulk-xyl-t0,0,0,0,0,0,0,0,0,0,0,0,0
68,stn17-d2-bulk-xyl-t1,2.30011279,1.648681633,3.619090189,1.810932378,2.359568066,1.093790798,0,0,0,0,0,0
69,stn17-d2-bulk-xyl-t2,1.125827473,6.89912026,3.148759431,1.246842142,3.764907277,2.87607208,0,5.773292786,2.022931957,0,2.598741581,2.929401806
70,stn17-d2-bulk-xyl-t3,0.773340219,6.569598535,2.845584428,0.951396525,3.455526496,2.858333509,0,5.796258316,2.072244209,0.178056306,2.682186277,2.858333509
71,stn17-d2-bulk-xyl-t4,0.848358566,4.703026401,2.743977805,1.53857165,2.995191952,1.597114547,0,3.854667834,1.895619239,0.690213084,2.146833386,1.597114547
72,stn17-d2-bulk-xyl-t5,0.694947707,2.656037286,2.20385264,1.301527099,2.053805675,0.689608607,0,1.961089579,1.508904933,0.606579391,1.358857968,0.689608607
73,stn17-d3-bulk-ara-t0,0,0,0,0,0,0,0,0,0,0,0,0
74,stn17-d3-bulk-ara-t1,15.66084338,5.079114384,3.568205264,6.780405615,5.142575087,1.607040205,0,0,0,0,0,0
75,stn17-d3-bulk-ara-t2,5.074487226,2.630470145,3.153764565,1.820370642,2.53486845,0.671818132,0,0,0,0,0,0
76,stn17-d3-bulk-ara-t3,1.894994585,1.750938955,0.679537387,0.83932797,1.08993477,0.577994945,0,0,0,0,0,0
77,stn17-d3-bulk-ara-t4,0.352574586,0.015014806,0.404753131,0.000529779,0.140099238,0.229311395,0,0,0,0,0,0
78,stn17-d3-bulk-ara-t5,0.734626041,0.001766499,0.001431639,0.295122932,0.099440357,0.169466164,0,0,0,0,0,0
79,stn17-d3-bulk-chn-t0,0,0,0,0,0,0,0,0,0,0,0,0
80,stn17-d3-bulk-chn-t1,4.87018906,1.461394191,2.538577867,0.374251167,1.458074408,1.082167169,0,0,0,0,0,0
81,stn17-d3-bulk-chn-t2,3.94707957,2.143551768,0.295513471,1.129558811,1.18954135,0.925478155,0,0,0,0,0,0
82,stn17-d3-bulk-chn-t3,2.00629981,0.772391502,1.233182246,0.531328524,0.84563409,0.356613263,0,0,0,0,0,0
83,stn17-d3-bulk-chn-t4,3.215281446,2.16191922,2.759456947,3.494604392,2.805326853,0.667525638,0,0,0,0.279322946,0.093107649,0.161267178
84,stn17-d3-bulk-chn-t5,1.108926879,1.655955758,2.212998212,2.113791756,1.994248575,0.297139703,0,0.547028878,1.104071333,1.004864876,0.885321696,0.297139703
85,stn17-d3-bulk-fuc-t0,0,0,0,0,0,0,0,0,0,0,0,0
86,stn17-d3-bulk-fuc-t1,0.452051684,0.04388831,2.308599461,5.649867997,2.667451923,2.820165488,0,0,0,0,0,0
87,stn17-d3-bulk-fuc-t2,0.920548074,0.872139952,0.865349864,1.001049043,0.912846286,0.076461239,0,0,0,0,0,0
88,stn17-d3-bulk-fuc-t3,0.865425461,0.342713655,0.185453412,0.636847862,0.38833831,0.229129754,0,0,0,0,0,0
89,stn17-d3-bulk-fuc-t4,0.162675826,0.002312473,1.676513901,2.18039503,1.286407135,1.140240489,0,0,0,0,0,0
90,stn17-d3-bulk-fuc-t5,0.396891757,1.325046433,1.529010966,0.625068787,1.159708729,0.47410999,0,0.928154676,0,0,0.309384892,0.535870352
91,stn17-d3-bulk-lam-t0,0,0,0,0,0,0,0,0,0,0,0,0
92,stn17-d3-bulk-lam-t1,0,1.61920155,1.524133939,6.549888111,3.231074533,2.874569905,0,0,0,0,0,0
93,stn17-d3-bulk-lam-t2,0.244812061,0.9107904,1.299861824,2.422825485,1.54449257,0.785140545,0,0,0,0,0,0
94,stn17-d3-bulk-lam-t3,0.119812165,0.391506024,0.193987953,0.139540407,0.241678128,0.13257991,0,0,0,0,0,0
95,stn17-d3-bulk-lam-t4,0.024877016,1.20425195,0.974318647,0.997474796,1.058681798,0.126598,0,1.179374933,0.94944163,0.97259778,1.033804781,0.126598
96,stn17-d3-bulk-lam-t5,1.136739202,1.230023791,1.011414377,1.054767392,1.098735187,0.115747113,0,0.093284589,0,0,0.031094863,0.053857883
97,stn17-d3-bulk-pul-t0,0,0,0,0,0,0,0,0,0,0,0,0
98,stn17-d3-bulk-pul-t1,2.790698329,4.080330589,5.689481998,10.90295897,6.890923853,3.566463432,0,0,0,0,0,0
99,stn17-d3-bulk-pul-t2,4.677024407,3.466114793,5.33174206,14.15779816,7.651885004,5.710982469,0,0,0,0,0,0
100,stn17-d3-bulk-pul-t3,2.597970276,1.881259938,1.445321,1.070843846,1.465808261,0.405596298,0,0,0,0,0,0
101,stn17-d3-bulk-pul-t4,1.400893111,1.387933606,2.363051898,1.682457364,1.811147623,0.50013479,0,0,0.962158787,0.281564253,0.414574347,0.494677821
102,stn17-d3-bulk-pul-t5,0.446102209,2.335236492,2.579310004,1.956383213,2.290309903,0.313884128,0,1.889134283,2.133207795,1.510281004,1.844207694,0.313884128
103,stn17-d3-bulk-xyl-t0,0,0,0,0,0,0,0,0,0,0,0,0
104,stn17-d3-bulk-xyl-t1,0.025867758,0.007570753,0.002793215,0.413946345,0.141436771,0.236012303,0,0,0,0,0,0
105,stn17-d3-bulk-xyl-t2,0.018560396,0.033151483,0.205738364,0.164488027,0.134459291,0.090126864,0,0,0,0,0,0
106,stn17-d3-bulk-xyl-t3,0.010708717,0.004154648,0.004019327,0.04206234,0.016745438,0.021925184,0,0,0,0,0,0
107,stn17-d3-bulk-xyl-t4,0.009096055,1.327423095,2.252141289,1.90709887,1.828887751,0.467293986,0,1.31832704,2.243045234,1.898002816,1.819791697,0.467293986
108,stn17-d3-bulk-xyl-t5,0.009595581,2.545831137,2.553440382,2.428276353,2.509182624,0.070170105,0,2.536235556,2.543844801,2.418680772,2.499587043,0.070170105
109,stn18-d1-bulk-ara-t0,0,0,0,0,0,0,0,0,0,0,0,0
110,stn18-d1-bulk-ara-t1,0.009205373,0.006118176,1.636009303,0.955442078,0.865856519,0.818630229,0,0,0,0,0,0
111,stn18-d1-bulk-ara-t2,0.414812033,0.020219037,0.968418964,1.107237679,0.698625227,0.591602803,0,0,0,0,0,0
112,stn18-d1-bulk-ara-t3,0.039041249,0.587357613,1.187071924,1.438600357,1.071009965,0.437328636,0,0,0,0,0,0
113,stn18-d1-bulk-ara-t4,0.75880163,0.68317935,1.082398036,0.978048105,0.91454183,0.207047519,0,0,0,0,0,0
114,stn18-d1-bulk-ara-t5,0.19318417,0.392401754,0.60279558,0.624715759,0.539971031,0.128267853,0,0,0,0,0,0
115,stn18-d1-bulk-chn-t0,0,0,0,0,0,0,0,0,0,0,0,0
116,stn18-d1-bulk-chn-t1,0.278329243,0.026775573,5.094078882,2.426084128,2.515646194,2.5348386,0,0,0,0,0,0
117,stn18-d1-bulk-chn-t2,1.474207003,2.813720178,2.801642222,2.12694585,2.580769417,0.393069131,0,0,0,0,0,0
118,stn18-d1-bulk-chn-t3,0.768932161,0.011764928,2.590101057,1.4963802,1.366082062,1.294097176,0,0,0,0,0,0
119,stn18-d1-bulk-chn-t4,1.342155147,5.368972399,7.759383285,7.537259277,6.88853832,1.320660899,0,4.026817252,6.417228138,6.19510413,5.546383173,1.320660899
120,stn18-d1-bulk-chn-t5,0.847788905,2.964053681,4.328148106,4.194286854,3.828829547,0.751902708,0,2.116264776,3.480359201,3.346497949,2.981040642,0.751902708
121,stn18-d1-bulk-fuc-t0,0,0,0,0,0,0,0,0,0,0,0,0
122,stn18-d1-bulk-fuc-t1,1.390267118,2.81551414,3.859831872,2.720247822,3.131864611,0.632235057,0,0,0,0,0,0
123,stn18-d1-bulk-fuc-t2,0.278719193,1.279591035,1.90004475,0.337496421,1.172377402,0.786772135,0,0,0,0,0,0
124,stn18-d1-bulk-fuc-t3,0.981527586,1.354401802,1.144458445,0.873807431,1.124222559,0.240935376,0,0,0,0,0,0
125,stn18-d1-bulk-fuc-t4,0.87447728,1.377333911,0.821036642,1.084684479,1.094351677,0.278274601,0,0,0,0,0,0
126,stn18-d1-bulk-fuc-t5,0.56971093,0.779840496,0.892965252,0.928534021,0.867113256,0.077644609,0,0,0,0,0,0
127,stn18-d1-bulk-lam-t0,0,0,0,0,0,0,0,0,0,0,0,0
128,stn18-d1-bulk-lam-t1,0.511634418,1.698258364,1.59890047,1.033678616,1.443612483,0.358472216,0,0,0,0,0,0
129,stn18-d1-bulk-lam-t2,0.823285754,5.185366048,4.136498378,3.083371775,4.135078734,1.050997856,0,4.362080294,3.313212623,2.260086021,3.311792979,1.050997856
130,stn18-d1-bulk-lam-t3,0.422812204,4.030688924,3.68420169,3.613249636,3.77604675,0.223361872,0,3.60787672,3.261389486,3.190437432,3.353234546,0.223361872
131,stn18-d1-bulk-lam-t4,2.899166828,3.711515081,3.177953504,2.75621437,3.215227652,0.478739891,0,0.812348253,0.278786676,0,0.363711643,0.412779128
132,stn18-d1-bulk-lam-t5,2.137522188,2.667008281,2.111689512,1.76407288,2.180923558,0.455431772,0,0.529486092,0,0,0.176495364,0.305698938
133,stn18-d1-bulk-pul-t0,0,0,0,0,0,0,0,0,0,0,0,0
134,stn18-d1-bulk-pul-t1,0.557421928,1.043462989,0.504566175,2.508403841,1.352144335,1.03696889,0,0.486041061,0,1.950981913,0.812340991,1.015596544
135,stn18-d1-bulk-pul-t2,0.084901702,2.320064525,2.320562166,2.614431304,2.418352665,0.169809265,0,2.235162823,2.235660464,0,1.490274429,1.290615538
136,stn18-d1-bulk-pul-t3,0.250522452,3.280421663,2.420832945,1.407471,2.369575203,0.937526834,0,3.029899211,2.170310494,1.156948548,2.119052751,0.937526834
137,stn18-d1-bulk-pul-t4,0.194567854,3.597121123,1.955078122,1.427066557,2.326421934,1.131682983,0,3.402553269,1.760510268,1.232498703,2.13185408,1.131682983
138,stn18-d1-bulk-pul-t5,0.040685607,3.726148952,2.992925192,2.680812265,3.13329547,0.5366191,0,3.685463346,2.952239585,2.640126658,3.092609863,0.5366191
139,stn18-d1-bulk-xyl-t0,0,0,0,0,0,0,0,0,0,0,0,0
140,stn18-d1-bulk-xyl-t1,0.294765211,1.561723253,1.982286815,1.465354929,1.669788332,0.274887594,0,0,0,0,0,0
141,stn18-d1-bulk-xyl-t2,0.789676683,0.801971077,1.133806658,1.122261022,1.019346252,0.188340916,0,0,0,0,0,0
142,stn18-d1-bulk-xyl-t3,0.669815827,0.902470621,0.966478295,0.691794728,0.853581214,0.143719853,0,0,0,0,0,0
143,stn18-d1-bulk-xyl-t4,1.456871496,1.384794325,1.330940244,0.989176156,1.234970242,0.214560283,0,0,0,0,0,0
144,stn18-d1-bulk-xyl-t5,2.53925194,2.627612641,2.179433981,2.705205741,2.504084121,0.28381941,0,0.088360701,0,0.165953801,0.084771501,0.0830351
145,stn18-d2-bulk-ara-t0,0,0,0,0,0,0,0,0,0,0,0,0
146,stn18-d2-bulk-ara-t1,0.256751027,18.87724272,0.13355216,0.176161563,6.395652147,10.80939551,0,0,0,0,0,0
147,stn18-d2-bulk-ara-t2,0.072130109,2.367650855,0.000534886,0.128212737,0.832132826,1.331329081,0,0,0,0,0,0
148,stn18-d2-bulk-ara-t3,0.013658204,0.014950561,0.028292139,0.064836011,0.036026237,0.025826377,0,0,0,0,0,0
149,stn18-d2-bulk-ara-t4,0.155333007,0.008765119,0.00458518,0.020766341,0.011372213,0.008399714,0,0,0,0,0,0
150,stn18-d2-bulk-ara-t5,0.001776189,0.011079825,0.005249315,0.017501766,0.011276969,0.006128604,0,0,0,0,0,0
151,stn18-d2-bulk-ara-t6,0.728399768,0.215643809,0.055634368,0.004319897,0.091866025,0.110222496,0,0,0,0,0,0
152,stn18-d2-bulk-ara-t7,0.402174704,0.135103909,0,0.003065237,0.046056382,0.077132648,0,0,0,0,0,0
153,stn18-d2-bulk-chn-t0,0,0,0,0,0,0,0,0,0,0,0,0
154,stn18-d2-bulk-chn-t1,2.94464608,15.00317061,0,0,5.00105687,8.66208459,0,0,0,0,0,0
155,stn18-d2-bulk-chn-t2,0.235236171,0.076162799,0,0,0.0253876,0.043972613,0,0,0,0,0,0
156,stn18-d2-bulk-chn-t3,1.497401531,1.490642121,0.028724396,3.626428866,1.715265128,1.809339931,0,0,0,0,0,0
157,stn18-d2-bulk-chn-t4,1.048332894,1.079607351,7.310492481,8.587324833,5.659141555,4.01704809,0,0,6.262159587,7.538991939,4.600383842,4.034875938
158,stn18-d2-bulk-chn-t5,1.362372757,0.833704332,5.639576384,6.765632575,4.412971097,3.150454502,0,0,4.277203627,5.403259818,3.226821148,2.850663375
159,stn18-d2-bulk-chn-t6,1.893160345,1.50389846,3.0376273,3.272542348,2.604689369,0.960521597,0,0,1.144466955,1.379382003,0.841282986,0.73797972
160,stn18-d2-bulk-chn-t7,0.917208846,1.021485146,1.620440468,0.953013089,1.198312901,0.367172804,0,0,0.703231622,0.035804243,0.246345288,0.396079951
161,stn18-d2-bulk-fuc-t0,0,0,0,0,0,0,0,0,0,0,0,0
162,stn18-d2-bulk-fuc-t1,0.025659144,9.423983569,27.62944373,12.11564509,16.3896908,9.826509804,0,0,0,0,0,0
163,stn18-d2-bulk-fuc-t2,1.209910694,1.765529017,1.554424577,6.633602577,3.317852057,2.873463486,0,0,0,0,0,0
164,stn18-d2-bulk-fuc-t3,0.332242791,2.880909486,1.66875716,4.279493927,2.943053524,1.306477336,0,0,0,0,0,0
165,stn18-d2-bulk-fuc-t4,0.340398202,1.131070289,1.399256523,2.462558024,1.664294945,0.70420091,0,0,0,0,0,0
166,stn18-d2-bulk-fuc-t5,0.584838309,1.047164033,1.015690375,2.239609578,1.434154662,0.69772191,0,0,0,0,0,0
167,stn18-d2-bulk-fuc-t6,1.63848447,3.346670315,2.84024789,2.606113661,2.931010622,0.378529318,0,0,0,0,0,0
168,stn18-d2-bulk-fuc-t7,0.959990713,1.998615393,1.591800341,1.535817666,1.708744467,0.252591331,0,0,0,0,0,0
169,stn18-d2-bulk-lam-t0,0,0,0,0,0,0,0,0,0,0,0,0
170,stn18-d2-bulk-lam-t1,144.528315,2.78838302,3.89400444,0.708233182,2.463540214,1.617537252,0,0,0,0,0,0
171,stn18-d2-bulk-lam-t2,30.5157496,0.687914275,0.070671521,0.385978493,0.381521429,0.308645514,0,0,0,0,0,0
172,stn18-d2-bulk-lam-t3,10.57973962,0.064190424,0.070582341,0.433580036,0.189450934,0.211446159,0,0,0,0,0,0
173,stn18-d2-bulk-lam-t4,5.02643429,1.25999637,2.531846313,2.547510857,2.113117846,0.738866385,0,0,0,0,0,0
174,stn18-d2-bulk-lam-t5,3.738355581,2.740511922,2.804198299,3.11832187,2.887677363,0.202266297,0,0,0,0,0,0
175,stn18-d2-bulk-lam-t6,2.495789483,2.698188871,2.719046354,3.046064873,2.821100033,0.195104186,0,0.202399388,0.223256871,0.550275391,0.32531055,0.195104186
176,stn18-d2-bulk-lam-t7,1.476759933,1.684976243,1.6632444,1.771018954,1.706413199,0.056995578,0,0.208216309,0.186484467,0.294259021,0.229653266,0.056995578
177,stn18-d2-bulk-pul-t0,0,0,0,0,0,0,0,0,0,0,0,0
178,stn18-d2-bulk-pul-t1,0.658479748,0.282453288,19.01357156,46.96804658,22.08802381,23.49415561,0,0,0,0,0,0
179,stn18-d2-bulk-pul-t2,2.210113589,0.164348475,2.375521656,0.407510919,0.98246035,1.212537359,0,0,0,0,0,0
180,stn18-d2-bulk-pul-t3,0,0.041297357,NA,0.143914649,0.092606003,0.072561384,0,0,0,0,0,0
181,stn18-d2-bulk-pul-t4,0.262550667,0.511502152,NA,0.135191257,0.323346705,0.266091986,0,0,0,0,0,0
182,stn18-d2-bulk-pul-t5,0.612329973,2.195463121,NA,0.390789281,1.293126201,1.27609711,0,1.583133149,0,0,0.52771105,0.91402235
183,stn18-d2-bulk-pul-t6,5.181225195,4.816675667,NA,2.046226593,3.43145113,1.959003327,0,0,0,0,0,0
184,stn18-d2-bulk-pul-t7,4.126457884,3.190600954,NA,2.099929814,2.645265384,0.771220959,0,0,0,0,0,0
185,stn18-d2-bulk-xyl-t0,0,0,0,0,0,0,0,0,0,0,0,0
186,stn18-d2-bulk-xyl-t1,1.714335043,17.08777436,1.478930831,3.737696014,7.434800403,8.435664452,0,0,0,0,0,0
187,stn18-d2-bulk-xyl-t2,0.328040898,6.036490619,1.674138302,2.631068049,3.447232323,2.292841583,0,0,0,0,0,0
188,stn18-d2-bulk-xyl-t3,0.109320594,1.89356281,1.647462363,1.549275369,1.696766847,0.177360254,0,0,0,0,0,0
189,stn18-d2-bulk-xyl-t4,0.046003337,7.411703778,3.511091606,5.168518917,5.363771434,1.957622662,0,7.365700441,3.465088269,5.122515581,5.317768097,1.957622662
190,stn18-d2-bulk-xyl-t5,0.034509355,5.457604737,4.433360199,4.799479704,4.89681488,0.519013315,0,5.423095382,4.398850844,4.764970349,4.862305525,0.519013315
191,stn18-d2-bulk-xyl-t6,0.022731557,4.06599764,4.161450393,4.41486109,4.214103041,0.180293241,0,4.043266084,4.138718836,4.392129533,4.191371484,0.180293241
192,stn18-d2-bulk-xyl-t7,1.050268588,2.467132837,2.401789603,2.521686868,2.463536436,0.060029485,0,1.41686425,1.351521015,1.47141828,1.413267848,0.060029485
193,stn18-d3-bulk-ara-t0,0,0,0,0,0,0,0,0,0,0,0,0
194,stn18-d3-bulk-ara-t1,1.282382811,1.821418133,0.131696553,0.001220327,0.651445005,1.015324506,0,0,0,0,0,0
195,stn18-d3-bulk-ara-t2,0.297373149,0.962550507,0.225008011,0.0004403,0.395999606,0.503331508,0,0,0,0,0,0
196,stn18-d3-bulk-ara-t3,0.990050295,1.001037218,0.238928146,0.004339482,0.414768282,0.521096353,0,0,0,0,0,0
197,stn18-d3-bulk-ara-t4,0.527346181,1.03999847,0.363468221,0.002485676,0.468650789,0.526693202,0,0,0,0,0,0
198,stn18-d3-bulk-ara-t5,0.183526794,1.200792719,0.562737414,0.539711511,0.767747215,0.375205084,0,0,0,0,0,0
199,stn18-d3-bulk-chn-t0,0,0,0,0,0,0,0,0,0,0,0,0
200,stn18-d3-bulk-chn-t1,11.04936413,17.54044908,14.32561297,20.01041174,17.29215793,2.850521116,0,6.491084953,3.276248842,8.961047611,6.242793802,2.850521116
201,stn18-d3-bulk-chn-t2,8.404547415,9.573915779,9.690764091,12.821351,10.69534362,1.84210312,0,1.169368365,1.286216676,4.416803585,2.290796209,1.84210312
202,stn18-d3-bulk-chn-t3,3.674844549,6.460034642,6.32630655,7.525879752,6.770740315,0.65737925,0,2.785190093,2.651462001,3.851035203,3.095895765,0.65737925
203,stn18-d3-bulk-chn-t4,3.451081623,4.944837235,4.72892837,5.630819941,5.101528515,0.470920609,0,1.493755612,1.277846747,2.179738318,1.650446892,0.470920609
204,stn18-d3-bulk-chn-t5,2.47357561,3.379817379,3.466204796,3.750932244,3.53231814,0.194190091,0,0.90624177,0.992629186,1.277356634,1.05874253,0.194190091
205,stn18-d3-bulk-fuc-t0,0,0,0,0,0,0,0,0,0,0,0,0
206,stn18-d3-bulk-fuc-t1,9.514060873,2.728031282,0.005583395,1.071985011,1.268533229,1.371825071,0,0,0,0,0,0
207,stn18-d3-bulk-fuc-t2,5.906279351,0.138043144,0.332726117,2.334175585,0.934981615,1.21564106,0,0,0,0,0,0
208,stn18-d3-bulk-fuc-t3,3.441644684,2.752300991,1.021960535,1.68242666,1.818896062,0.873205272,0,0,0,0,0,0
209,stn18-d3-bulk-fuc-t4,3.034864145,3.602141538,2.601235662,3.321693383,3.175023528,0.51632081,0,0.567277394,0,0.286829239,0.284702211,0.283644678
210,stn18-d3-bulk-fuc-t5,1.882875908,3.214984638,3.175815995,3.513453412,3.301418015,0.184669443,0,1.33210873,1.292940087,1.630577505,1.418542107,0.184669443
211,stn18-d3-bulk-lam-t0,0,0,0,0,0,0,0,0,0,0,0,0
212,stn18-d3-bulk-lam-t1,0.008165886,0.911386558,2.193403789,1.475442928,1.526744425,0.64254644,0,0,0,0,0,0
213,stn18-d3-bulk-lam-t2,0.038264984,3.653906718,3.887334609,2.969322899,3.503521409,0.477124911,0,3.615641734,3.849069625,2.931057915,3.465256425,0.477124911
214,stn18-d3-bulk-lam-t3,1.686085861,5.50212339,4.325919312,4.513378606,4.780473769,0.631956389,0,3.81603753,2.639833452,2.827292745,3.094387909,0.631956389
215,stn18-d3-bulk-lam-t4,3.019286227,4.065568225,3.116501103,3.398058614,3.526709314,0.487437537,0,1.046281997,0.097214875,0.378772387,0.507423087,0.487437537
216,stn18-d3-bulk-lam-t5,1.924736084,2.644732286,2.369592076,2.348726456,2.454350272,0.165205408,0,0.719996201,0.444855992,0.423990372,0.529614188,0.165205408
217,stn18-d3-bulk-pul-t0,0,0,0,0,0,0,0,0,0,0,0,0
218,stn18-d3-bulk-pul-t1,0.025876143,1.08947431,1.098221489,1.010649623,1.066115141,0.048233246,0,0,0,0,0,0
219,stn18-d3-bulk-pul-t2,0,0.645232914,0.421886664,0.286026676,0.451048751,0.181370066,0,0,0,0,0,0
220,stn18-d3-bulk-pul-t3,0.34935026,1.140029564,1.26714978,2.425229545,1.610802963,0.708172211,0,0,0,0,0,0
221,stn18-d3-bulk-pul-t4,0.02332352,1.081930613,1.395962691,2.890088744,1.789327349,0.966131861,0,1.058607092,1.372639171,2.866765224,1.766003829,0.966131861
222,stn18-d3-bulk-pul-t5,0,3.335243969,2.460719577,2.839136265,2.878366604,0.438580087,0,3.335243969,2.460719577,2.839136265,2.878366604,0.438580087
223,stn18-d3-bulk-xyl-t0,0,0,0,0,0,0,0,0,0,0,0,0
224,stn18-d3-bulk-xyl-t1,0.43551425,0.547141271,1.453255029,0.793435815,0.931277372,0.468519751,0,0,0,0,0,0
225,stn18-d3-bulk-xyl-t2,0.205978581,11.56251927,12.56328199,14.48144674,12.86908267,1.483296982,0,11.35654069,12.35730341,14.27546816,12.66310409,1.483296982
226,stn18-d3-bulk-xyl-t3,0.610665626,6.464639587,6.77260676,8.137728796,7.124991715,0.890470798,0,5.85397396,6.161941134,7.52706317,6.514326088,0.890470798
227,stn18-d3-bulk-xyl-t4,3.575671208,4.651446946,4.702485091,5.5572619,4.970397979,0.508879327,0,1.075775738,1.126813883,1.981590692,1.394726771,0.508879327
228,stn18-d3-bulk-xyl-t5,2.400105652,2.764161675,2.879185348,3.098684883,2.914010635,0.16995895,0,0.364056023,0.479079697,0.698579231,0.513904984,0.16995895
229,stn18-d4-bulk-ara-t0,0,0,0,0,0,0,0,0,0,0,0,0
230,stn18-d4-bulk-ara-t1,0,0.136026837,0.076854149,0.580037364,0.264306116,0.275027303,0,0,0,0,0,0
231,stn18-d4-bulk-ara-t2,0,2.407217563,0.981588323,2.45885179,1.949219225,0.838390539,0,0,0,0,0,0
232,stn18-d4-bulk-ara-t3,0,0.343147771,1.533446804,1.253226403,1.043273659,0.622304638,0,0,0,0,0,0
233,stn18-d4-bulk-ara-t4,0,0.383229872,0.921334672,0.84641361,0.716992718,0.291464439,0,0,0,0,0,0
234,stn18-d4-bulk-ara-t5,0,0.276963326,0.395208736,0.457087916,0.376419993,0.091520379,0,0,0,0,0,0
235,stn18-d4-bulk-chn-t0,0,0,0,0,0,0,0,0,0,0,0,0
236,stn18-d4-bulk-chn-t1,0,5.278322031,7.168968857,2.317595692,4.92162886,2.445276653,0,0,0,0,0,0
237,stn18-d4-bulk-chn-t2,0,1.557414827,3.773249043,0.544882924,1.958515598,1.651135464,0,0,0,0,0,0
238,stn18-d4-bulk-chn-t3,0,6.019070114,8.220334124,6.218940024,6.819448087,1.2173119,0,6.019070114,8.220334124,6.218940024,6.819448087,1.2173119
239,stn18-d4-bulk-chn-t4,0,4.251102713,5.40347671,4.05324085,4.569273424,0.729183564,0,4.251102713,5.40347671,4.05324085,4.569273424,0.729183564
240,stn18-d4-bulk-chn-t5,0,1.824423834,2.634844752,1.957567131,2.138945239,0.434590646,0,1.824423834,2.634844752,1.957567131,2.138945239,0.434590646
241,stn18-d4-bulk-fuc-t0,0,0,0,0,0,0,0,0,0,0,0,0
242,stn18-d4-bulk-fuc-t1,0,2.364355559,3.451668188,4.505675839,3.440566529,1.070703307,0,0,0,0,0,0
243,stn18-d4-bulk-fuc-t2,0,1.82098675,3.366806621,1.314573007,2.167455459,1.069086585,0,0,0,0,0,0
244,stn18-d4-bulk-fuc-t3,0,0.591250911,2.287280326,1.772010618,1.550180618,0.869502936,0,0,0,0,0,0
245,stn18-d4-bulk-fuc-t4,0,0.3108247,3.221837555,1.347089217,1.626583824,1.475495472,0,0,0,0,0,0
246,stn18-d4-bulk-fuc-t5,0,0.677207915,0.419455631,0.954146828,0.683603458,0.267402966,0,0,0,0,0,0
247,stn18-d4-bulk-lam-t0,0,0,0,0,0,0,0,0,0,0,0,0
248,stn18-d4-bulk-lam-t1,0,0.462673737,0.079819471,0.369454053,0.303982421,0.199647811,0,0,0,0,0,0
249,stn18-d4-bulk-lam-t2,0,0.313593088,0.066018288,0.707147191,0.362252856,0.323322435,0,0,0,0,0,0
250,stn18-d4-bulk-lam-t3,0,0.774096238,0.545466371,0.546983712,0.622182107,0.131563684,0,0,0,0,0,0
251,stn18-d4-bulk-lam-t4,0,2.247190891,2.234056384,2.623523829,2.368257035,0.221165054,0,2.247190891,2.234056384,2.623523829,2.368257035,0.221165054
252,stn18-d4-bulk-lam-t5,0,1.381143382,1.25314439,1.366236558,1.33350811,0.069994993,0,1.381143382,1.25314439,1.366236558,1.33350811,0.069994993
253,stn18-d4-bulk-pul-t0,0,0,0,0,0,0,0,0,0,0,0,0
254,stn18-d4-bulk-pul-t1,0,0.06651344,0,0.023781696,0.030098379,0.033703632,0,0,0,0,0,0
255,stn18-d4-bulk-pul-t2,0,0.362755222,0.255748485,0.812585955,0.477029887,0.295484376,0,0,0,0,0,0
256,stn18-d4-bulk-pul-t3,0,1.664740421,0.694357304,0.595140356,0.984746027,0.590978242,0,1.664740421,0.694357304,0.595140356,0.984746027,0.590978242
257,stn18-d4-bulk-pul-t4,0,3.500569416,1.955349383,1.48807195,2.314663583,1.053264702,0,3.500569416,1.955349383,1.48807195,2.314663583,1.053264702
258,stn18-d4-bulk-pul-t5,0,3.304920082,2.76265267,2.129865203,2.732479318,0.588108251,0,3.304920082,2.76265267,2.129865203,2.732479318,0.588108251
259,stn18-d4-bulk-xyl-t0,0,0,0,0,0,0,0,0,0,0,0,0
260,stn18-d4-bulk-xyl-t1,0,0.011375941,0.003426669,0.003421034,0.006074548,0.004591142,0,0,0,0,0,0
261,stn18-d4-bulk-xyl-t2,0,0.084420059,0.002492512,0.07624087,0.05438448,0.045125459,0,0,0,0,0,0
262,stn18-d4-bulk-xyl-t3,0,0.18050158,0.183272604,0.055336518,0.139703568,0.073077143,0,0,0,0,0,0
263,stn18-d4-bulk-xyl-t4,0,2.279396304,4.105283306,4.303562652,3.562747421,1.115827604,0,2.279396304,4.105283306,4.303562652,3.562747421,1.115827604
264,stn18-d4-bulk-xyl-t5,0,2.302797747,2.599894443,2.642918586,2.515203592,0.185202461,0,2.302797747,2.599894443,2.642918586,2.515203592,0.185202461
265,stn18-d5-bulk-ara-t0,0,0,0,0,0,0,0,0,0,0,0,0
266,stn18-d5-bulk-ara-t1,0.049622254,2.912238214,3.890558331,3.622347708,3.475048085,0.505519977,0,0,0,0,0,0
267,stn18-d5-bulk-ara-t2,0.012099225,0.805796996,1.071427229,1.445907827,1.107710684,0.32159421,0,0,0,0,0,0
268,stn18-d5-bulk-ara-t3,0.046845124,0.053857341,0.763985084,0.882838272,0.566893566,0.448259017,0,0,0,0,0,0
269,stn18-d5-bulk-ara-t4,0.017714121,0.173343569,0.431823539,0.53878707,0.381318059,0.187883849,0,0,0,0,0,0
270,stn18-d5-bulk-ara-t5,0.003412147,0.131594232,0.161250204,0.123305922,0.138716786,0.019949692,0,0,0,0,0,0
271,stn18-d5-bulk-chn-t0,0,0,0,0,0,0,0,0,0,0,0,0
272,stn18-d5-bulk-chn-t1,0.758169005,1.072329245,2.016357299,0.093890392,1.060858979,0.96128478,0,0,0,0,0,0
273,stn18-d5-bulk-chn-t2,0.456492569,1.932243035,0.003865947,0.03455248,0.656887154,1.104597159,0,0,0,0,0,0
274,stn18-d5-bulk-chn-t3,0.226767089,0.518469056,0.817421988,0.408842392,0.581577812,0.211474249,0,0.291701967,0.590654899,0.182075303,0.354810723,0.211474249
275,stn18-d5-bulk-chn-t4,0.149057073,0.310528882,0.682117036,0.255771014,0.416138977,0.231965195,0,0.16147181,0.533059963,0.106713941,0.267081905,0.231965195
276,stn18-d5-bulk-chn-t5,0.074774357,0.357283518,0.388795751,0.435442457,0.393840575,0.039322927,0,0.282509162,0.314021395,0.3606681,0.319066219,0.039322927
277,stn18-d5-bulk-fuc-t0,0,0,0,0,0,0,0,0,0,0,0,0
278,stn18-d5-bulk-fuc-t1,2.70784022,0.012569872,0.157111858,1.865051142,0.678244291,1.030342649,0,0,0,0,0,0
279,stn18-d5-bulk-fuc-t2,1.828558184,0.010240687,0.356866255,2.060896399,0.809334447,1.09765332,0,0,0,0,0,0
280,stn18-d5-bulk-fuc-t3,1.353029608,0.001977089,0.823311739,1.087551076,0.637613302,0.566110106,0,0,0,0,0,0
281,stn18-d5-bulk-fuc-t4,0.546794983,0.000169745,0.874044303,0.93432479,0.602846279,0.522802724,0,0,0,0,0,0
282,stn18-d5-bulk-fuc-t5,0.573844654,0.070011752,0.365698529,0.660910597,0.365540292,0.295449454,0,0,0,0,0,0
283,stn18-d5-bulk-lam-t0,0,0,0,0,0,0,0,0,0,0,0,0
284,stn18-d5-bulk-lam-t1,2.493193454,2.586430319,0.246582075,0.825051599,1.219354664,1.218740593,0,0,0,0,0,0
285,stn18-d5-bulk-lam-t2,1.40034418,1.62137661,0.123408891,0.650969638,0.798585046,0.759815473,0,0,0,0,0,0
286,stn18-d5-bulk-lam-t3,0.660281174,0.601068105,0.181068983,0.278349103,0.353495397,0.219852314,0,0,0,0,0,0
287,stn18-d5-bulk-lam-t4,1.255972093,0.947943492,0.456240753,0.393603708,0.599262651,0.303586226,0,0,0,0,0,0
288,stn18-d5-bulk-lam-t5,0.344473618,0.721174248,0.664216314,0.552567806,0.645986123,0.085768806,0,0.37670063,0.319742696,0.208094188,0.301512505,0.085768806
289,stn18-d5-bulk-pul-t0,0,0,0,0,0,0,0,0,0,0,0,0
290,stn18-d5-bulk-pul-t1,6.263839711,4.101528654,5.71097839,8.165807127,5.99277139,2.046740176,0,0,0,0,0,0
291,stn18-d5-bulk-pul-t2,6.847391672,3.388995563,4.453718998,4.73611644,4.192943667,0.710412904,0,0,0,0,0,0
292,stn18-d5-bulk-pul-t3,5.051556481,1.672964917,3.817822459,2.948081314,2.81295623,1.078794494,0,0,0,0,0,0
293,stn18-d5-bulk-pul-t4,3.05158501,0.85426981,3.358384989,1.403973375,1.872209391,1.316085838,0,0,0.306799979,0,0.10226666,0.17713105
294,stn18-d5-bulk-pul-t5,1.205202264,0.629956804,1.605572955,1.45012863,1.228552797,0.524193291,0,0,0.400370691,0.244926366,0.215099019,0.201845053
295,stn18-d5-bulk-xyl-t0,0,0,0,0,0,0,0,0,0,0,0,0
296,stn18-d5-bulk-xyl-t1,0.012907343,0.14599257,0.015211499,0.010830485,0.057344851,0.076802421,0,0,0,0,0,0
297,stn18-d5-bulk-xyl-t2,0.005366458,0.014473703,0.005374509,0.13168677,0.050511661,0.070446772,0,0,0,0,0,0
298,stn18-d5-bulk-xyl-t3,0.003239108,0.051899139,0.143773667,0.074590742,0.090087849,0.047857627,0,0,0,0,0,0
299,stn18-d5-bulk-xyl-t4,0.021254917,0.023975611,0.179342425,0.084218287,0.095845441,0.078333293,0,0,0,0,0,0
300,stn18-d5-bulk-xyl-t5,0.010343788,0.092122835,0.074255607,0.071975879,0.07945144,0.011032791,0,0,0,0,0,0
301,stn18-d6-bulk-ara-t0,0,0,0,0,0,0,0,0,0,0,0,0
302,stn18-d6-bulk-ara-t1,1.475112289,6.44696678,10.95478506,17.89777127,11.7665077,5.768396754,0,0,0,0,0,0
303,stn18-d6-bulk-ara-t2,1.468126005,2.27282489,1.816037459,4.407604849,2.832155733,1.383363159,0,0,0,0,0,0
304,stn18-d6-bulk-ara-t3,0.735803229,1.862283078,0.867615342,0.774912544,1.168270321,0.602817329,0,0,0,0,0,0
305,stn18-d6-bulk-ara-t4,0.469519233,0.561243562,0.468862184,0.595486289,0.541864011,0.065498788,0,0,0,0,0,0
306,stn18-d6-bulk-ara-t5,0.467306261,0.401233299,0.382134119,0.458403861,0.41392376,0.039686953,0,0,0,0,0,0
307,stn18-d6-bulk-ara-t6,0.45822145,0.344509234,1.049756703,0.729063638,0.707776525,0.353105301,0,0,0,0,0,0
308,stn18-d6-bulk-ara-t7,0.887797479,0.297337873,0.327614026,0.304755117,0.309902339,0.015780741,0,0,0,0,0,0
309,stn18-d6-bulk-chn-t0,0,0,0,0,0,0,0,0,0,0,0,0
310,stn18-d6-bulk-chn-t1,11.40623587,47.70310975,44.82847689,54.78331672,49.10496779,5.123340071,0,0,0,0,0,0
311,stn18-d6-bulk-chn-t2,1.962417324,4.869714394,5.319224155,8.840972948,6.343303832,2.174690326,0,0,0,0,0,0
312,stn18-d6-bulk-chn-t3,1.410673378,0.977426088,3.268758191,1.978339919,2.074841399,1.148710191,0,0,0,0,0,0
313,stn18-d6-bulk-chn-t4,1.557383027,4.026986183,0.261828904,2.546997654,2.278604247,1.896873375,0,0,0,0,0,0
314,stn18-d6-bulk-chn-t5,2.629130723,2.154451689,1.900057091,0.862056261,1.638855014,0.684646901,0,0,0,0,0,0
315,stn18-d6-bulk-chn-t6,3.463648746,1.617495021,1.033673855,0.602803261,1.084657379,0.509263519,0,0,0,0,0,0
316,stn18-d6-bulk-chn-t7,2.013320405,1.381294693,1.415082282,1.192428769,1.329601915,0.119990642,0,0,0,0,0,0
317,stn18-d6-bulk-fuc-t0,0,0,0,0,0,0,0,0,0,0,0,0
318,stn18-d6-bulk-fuc-t1,75.77859743,34.44875723,19.59432706,27.71095882,27.2513477,7.437873065,0,0,0,0,0,0
319,stn18-d6-bulk-fuc-t2,25.49178153,10.00733459,2.298237003,3.240910588,5.182160727,4.205221217,0,0,0,0,0,0
320,stn18-d6-bulk-fuc-t3,9.051002229,5.065455926,1.099175412,0.911291675,2.358641004,2.346052075,0,0,0,0,0,0
321,stn18-d6-bulk-fuc-t4,4.818216136,0.887306398,0.966486102,1.130953792,0.994915431,0.124286697,0,0,0,0,0,0
322,stn18-d6-bulk-fuc-t5,3.204805185,1.081289667,0.736568134,0.422885028,0.746914276,0.329324231,0,0,0,0,0,0
323,stn18-d6-bulk-fuc-t6,5.110718444,2.272594714,1.606492082,1.428992402,1.769359733,0.444759057,0,0,0,0,0,0
324,stn18-d6-bulk-fuc-t7,2.826849558,1.125201341,0.845191002,0.813387329,0.927926557,0.17158343,0,0,0,0,0,0
325,stn18-d6-bulk-lam-t0,0,0,0,0,0,0,0,0,0,0,0,0
326,stn18-d6-bulk-lam-t1,0.23036661,4.068378797,0.686110013,1.284699866,2.013062892,1.804943228,0,0,0,0,0,0
327,stn18-d6-bulk-lam-t2,0.046737965,1.471466546,0.177999497,0.216164992,0.621877011,0.736013542,0,0,0,0,0,0
328,stn18-d6-bulk-lam-t3,0.028705119,0.269897219,0.094671799,0.161988588,0.175519202,0.088392845,0,0,0,0,0,0
329,stn18-d6-bulk-lam-t4,0.018177194,0.189705361,0.134648854,0.091730857,0.138695024,0.049112417,0,0,0,0,0,0
330,stn18-d6-bulk-lam-t5,0.010155799,0.190267258,0.025767254,0.028270099,0.08143487,0.09425992,0,0,0,0,0,0
331,stn18-d6-bulk-lam-t6,0.009001739,0.062343696,0.00549292,0.06815709,0.045331235,0.03462322,0,0,0,0,0,0
332,stn18-d6-bulk-lam-t7,0.005863371,0.219471093,0.320684163,0.457095321,0.332416859,0.119245799,0,0.213607722,0.314820792,0.45123195,0.326553488,0.119245799
333,stn18-d6-bulk-pul-t0,0,0,0,0,0,0,0,0,0,0,0,0
334,stn18-d6-bulk-pul-t1,8.558297052,59.00489952,14.66054083,42.10181262,38.58908432,22.37990129,0,0,0,0,0,0
335,stn18-d6-bulk-pul-t2,3.106237165,12.25030272,18.92393285,15.71379445,15.62934334,3.337616479,0,0,0,0,0,0
336,stn18-d6-bulk-pul-t3,1.167795299,3.188986196,2.270947174,3.742469053,3.067467474,0.743249124,0,0,0,0,0,0
337,stn18-d6-bulk-pul-t4,0.182969081,4.665158495,3.742984237,3.156836034,3.854992922,0.760374001,0,0,0,0,0,0
338,stn18-d6-bulk-pul-t5,0.113040769,2.283992768,0.915743366,2.541852043,1.913862726,0.87395912,0,0,0,0,0,0
339,stn18-d6-bulk-pul-t6,0.398033924,0.217393734,0.042268919,0.395041676,0.218234776,0.176387882,0,0,0,0,0,0
340,stn18-d6-bulk-pul-t7,0.493240816,0.202580643,0.056687725,0.072342371,0.110536913,0.080095588,0,0,0,0,0,0
341,stn18-d6-bulk-xyl-t0,0,0,0,0,0,0,0,0,0,0,0,0
342,stn18-d6-bulk-xyl-t1,133.8166284,6.934927548,1.042272226,0.11099911,2.696066295,3.700375109,0,0,0,0,0,0
343,stn18-d6-bulk-xyl-t2,28.89506044,1.791878032,0.124487881,0.352105143,0.756157019,0.904152043,0,0,0,0,0,0
344,stn18-d6-bulk-xyl-t3,9.40096341,0.537563037,0.0759905,0.009793048,0.207782195,0.287510137,0,0,0,0,0,0
345,stn18-d6-bulk-xyl-t4,4.078808392,0.22552318,0.027634265,0.002676726,0.085278057,0.122095211,0,0,0,0,0,0
346,stn18-d6-bulk-xyl-t5,2.883503745,0.349156865,0.376814455,0.243876313,0.323282544,0.070144478,0,0,0,0,0,0
347,stn18-d6-bulk-xyl-t6,1.763330453,3.662201325,4.355659266,3.149508181,3.722456257,0.605328921,0,1.898870872,2.592328813,1.386177728,1.959125804,0.605328921
348,stn18-d6-bulk-xyl-t7,0.957498209,2.6920215,2.524256599,2.660390402,2.625556167,0.089142209,0,1.734523291,1.566758389,1.702892193,1.668057958,0.089142209
349,stn19-d1-bulk-ara-t0,0,0,0,0,0,0,0,0,0,0,0,0
350,stn19-d1-bulk-ara-t1,0,0.02109865,0.822933638,2.776900003,1.20697743,1.417472222,0,0,0,0,0,0
351,stn19-d1-bulk-ara-t2,0,0.359246447,0.95871287,0.203450301,0.50713654,0.398759322,0,0,0,0,0,0
352,stn19-d1-bulk-ara-t3,0,0.004716281,0.680307215,0.57710871,0.420710735,0.363938212,0,0,0,0,0,0
353,stn19-d1-bulk-ara-t4,0,3.576904852,1.235263347,0.64574071,1.81930297,1.550405597,0,3.576904852,1.235263347,0,1.604056066,1.816746579
354,stn19-d1-bulk-ara-t5,0,2.078935305,2.198396293,2.289769363,2.189033654,0.105728399,0,2.078935305,2.198396293,2.289769363,2.189033654,0.105728399
355,stn19-d1-bulk-chn-t0,0,0,0,0,0,0,0,0,0,0,0,0
356,stn19-d1-bulk-chn-t1,0,NA,0.273078525,7.510264579,3.891671552,5.117463335,0,0,0,0,0,0
357,stn19-d1-bulk-chn-t2,0,NA,2.212091414,0.575416054,1.393753734,1.157304245,0,0,0,0,0,0
358,stn19-d1-bulk-chn-t3,0,NA,2.58869209,5.466486014,4.027589052,2.034907598,0,0,2.58869209,5.466486014,2.685059368,2.734516835
359,stn19-d1-bulk-chn-t4,0,3.11140685,3.351507002,NA,3.231456926,0.169776446,0,3.11140685,3.351507002,,3.231456926,
360,stn19-d1-bulk-chn-t5,0,NA,1.657410993,2.546847417,2.102129205,0.628926527,0,,1.657410993,2.546847417,2.102129205,
361,stn19-d1-bulk-fuc-t0,0,0,0,0,0,0,0,0,0,0,0,0
362,stn19-d1-bulk-fuc-t1,0,0.025862061,0.343428279,5.392963123,1.920751154,3.011213052,0,0,0,0,0,0
363,stn19-d1-bulk-fuc-t2,0,0.468822452,2.682702029,1.614624314,1.588716265,1.107167158,0,0,0,0,0,0
364,stn19-d1-bulk-fuc-t3,0,0.587112634,2.487121004,1.152735221,1.40898962,0.975580693,0,0,0,0,0,0
365,stn19-d1-bulk-fuc-t4,0,0.82359284,1.383819015,1.532020677,1.24647751,0.373650259,0,0,0,0,0,0
366,stn19-d1-bulk-fuc-t5,0,0.10648094,0.892735816,0.722633786,0.573950181,0.413677765,0,0,0,0,0,0
367,stn19-d1-bulk-lam-t0,0,0,0,0,0,0,0,0,0,0,0,0
368,stn19-d1-bulk-lam-t1,0,0.44795434,1.634144505,2.334232982,1.472110609,0.953521377,0,0,0,0,0,0
369,stn19-d1-bulk-lam-t2,0,0.492993997,NA,1.307998347,0.900496172,0.576295102,0,0,0,0,0,0
370,stn19-d1-bulk-lam-t3,0,NA,NA,0.335781265,0.335781265,NA,0,0,0,0,0,0
371,stn19-d1-bulk-lam-t4,0,NA,NA,0.616549321,0.616549321,NA,0,,,0.616549321,0.616549321,
372,stn19-d1-bulk-lam-t5,0,NA,NA,0.917355974,0.917355974,NA,0,,,0.917355974,0.917355974,
373,stn19-d1-bulk-pul-t0,0,0,0,0,0,0,0,0,0,0,0,0
374,stn19-d1-bulk-pul-t1,0,0.431867014,1.772830791,3.34990708,1.851534962,1.460611247,0,0,0,0,0,0
375,stn19-d1-bulk-pul-t2,0,0.671066089,1.088140033,2.021577039,1.260261054,0.691512249,0,0,0,0,0,0
376,stn19-d1-bulk-pul-t3,0,0.088334846,0.249509449,0.717378202,0.351740832,0.32674505,0,0,0,0,0,0
377,stn19-d1-bulk-pul-t4,0,0.326801986,0.371035926,0.929450359,0.542429424,0.335898889,0,0.326801986,0.371035926,0.929450359,0.542429424,0.335898889
378,stn19-d1-bulk-pul-t5,0,0.378122617,0.31172675,0.764874063,0.48490781,0.244720105,0,0.378122617,0.31172675,0.764874063,0.48490781,0.244720105
379,stn19-d1-bulk-xyl-t0,0,0,0,0,0,0,0,0,0,0,0,0
380,stn19-d1-bulk-xyl-t1,0,0.440399023,0.326930221,0.096496674,0.287941973,0.175234897,0,0,0,0,0,0
381,stn19-d1-bulk-xyl-t2,0,0.137768758,0.180160579,0.484938131,0.267622489,0.189390688,0,0,0,0,0,0
382,stn19-d1-bulk-xyl-t3,0,0.191817721,0.400088441,0.332392765,0.308099642,0.106239306,0,0,0,0,0,0
383,stn19-d1-bulk-xyl-t4,0,1.110312705,0.532550327,1.43270917,1.025190734,0.456076526,0,1.110312705,0.532550327,1.43270917,1.025190734,0.456076526
384,stn19-d1-bulk-xyl-t5,0,1.669467403,1.552227726,1.581648728,1.601114619,0.060995706,0,1.669467403,1.552227726,1.581648728,1.601114619,0.060995706
385,stn19-d2-bulk-ara-t0,0,0,0,0,0,0,0,0,0,0,0,0
386,stn19-d2-bulk-ara-t1,14.65531349,0.165884097,41.05787512,42.76683147,27.99686356,24.11747699,0,0,0,0,0,0
387,stn19-d2-bulk-ara-t2,1.368221552,0.090552959,1.650793627,0.020628328,0.587324971,0.921654246,0,0,0,0,0,0
388,stn19-d2-bulk-ara-t3,2.763257461,0.028945688,2.089643552,3.033787558,1.717458932,1.536606556,0,0,0,0,0,0
389,stn19-d2-bulk-ara-t4,1.578390798,0.181079328,0.812062757,1.182899893,0.725347326,0.506508426,0,0,0,0,0,0
390,stn19-d2-bulk-ara-t5,0.206373591,2.777357232,0.472863,0.366871835,1.205697355,1.362128704,0,0,0,0,0,0
391,stn19-d2-bulk-ara-t6,1.782039174,0.496581715,0.977581188,0.755464672,0.743209192,0.240733818,0,0,0,0,0,0
392,stn19-d2-bulk-ara-t7,0.754123393,0.166856284,0.45359658,0.415080891,0.345177918,0.155627178,0,0,0,0,0,0
393,stn19-d2-bulk-chn-t0,0,0,0,0,0,0,0,0,0,0,0,0
394,stn19-d2-bulk-chn-t1,0,16.92707131,33.99182546,3.776972481,18.23195641,15.14963296,0,0,0,0,0,0
395,stn19-d2-bulk-chn-t2,0,3.689810866,4.769461725,1.730864784,3.396712458,1.540356403,0,0,0,0,0,0
396,stn19-d2-bulk-chn-t3,0,3.756138584,5.332838405,1.866196059,3.651724349,1.735678264,0,0,0,0,0,0
397,stn19-d2-bulk-chn-t4,0.107600716,5.318180888,5.879283464,5.287211776,5.494892043,0.333252674,0,5.210580172,5.771682748,5.17961106,5.387291327,0.333252674
398,stn19-d2-bulk-chn-t5,1.424694107,5.060806837,5.850537423,5.037826887,5.316390382,0.462727582,0,3.63611273,4.425843316,3.61313278,3.891696275,0.462727582
399,stn19-d2-bulk-chn-t6,0.477636709,4.100646617,4.310549102,4.389309367,4.266835029,0.149213725,0,3.623009908,3.832912393,3.911672657,3.789198319,0.149213725
400,stn19-d2-bulk-chn-t7,2.080688873,2.288998415,2.4067109,2.324643495,2.340117603,0.060362598,0,0.208309542,0.326022027,0.243954622,0.25942873,0.060362598
401,stn19-d2-bulk-fuc-t0,0,0,0,0,0,0,0,0,0,0,0,0
402,stn19-d2-bulk-fuc-t1,24.71686374,0.021951655,3.323537741,0.38246322,1.242650872,1.811093528,0,0,0,0,0,0
403,stn19-d2-bulk-fuc-t2,0.303180344,3.047961672,0.676066456,0.769309332,1.497779153,1.343306718,0,0,0,0,0,0
404,stn19-d2-bulk-fuc-t3,0.461605191,0.64679036,2.815457983,0.656823434,1.373023926,1.24919461,0,0,0,0,0,0
405,stn19-d2-bulk-fuc-t4,0.242324847,0.921300056,1.929660068,1.349760096,1.400240073,0.506071783,0,0,0,0,0,0
406,stn19-d2-bulk-fuc-t5,0.108805097,0.619169413,1.501788217,0.758949477,0.959969036,0.47440556,0,0,0,0,0,0
407,stn19-d2-bulk-fuc-t6,1.285059452,1.426026276,0.452490258,1.070333167,0.9829499,0.492615439,0,0,0,0,0,0
408,stn19-d2-bulk-fuc-t7,1.223470601,1.198058339,1.139386436,0.58993813,0.975794301,0.335446474,0,0,0,0,0,0
409,stn19-d2-bulk-lam-t0,0,0,0,0,0,0,0,0,0,0,0,0
410,stn19-d2-bulk-lam-t1,3.65691782,0.230189065,7.405788837,4.14884336,3.928273754,3.592881328,0,0,0,0,0,0
411,stn19-d2-bulk-lam-t2,0.333106744,0.132591465,0.231783118,0.075167183,0.146513922,0.079230764,0,0,0,0,0,0
412,stn19-d2-bulk-lam-t3,1.371125333,0.1608335,0.301796156,0.359300303,0.273976653,0.102116167,0,0,0,0,0,0
413,stn19-d2-bulk-lam-t4,1.018928622,0.845974033,0.563653902,0.25437211,0.554666682,0.295903339,0,0,0,0,0,0
414,stn19-d2-bulk-lam-t5,0.532179815,0.414057367,0.253405885,0.306424102,0.324629118,0.081858363,0,0,0,0,0,0
415,stn19-d2-bulk-lam-t6,0.17523871,74.44205795,0.362904391,0.164000146,24.98965416,42.82715343,0,0,0,0,0,0
416,stn19-d2-bulk-lam-t7,0.105429654,0.10443052,0.614190202,0.572021331,0.430214017,0.282923521,0,0,0.508760548,0.466591677,0.325117408,0.282348278
417,stn19-d2-bulk-pul-t0,0,0,0,0,0,0,0,0,0,0,0,0
418,stn19-d2-bulk-pul-t1,1.099167361,0,4.675544404,2.025831684,2.23379203,2.344699234,0,0,0,0,0,0
419,stn19-d2-bulk-pul-t2,1.638405346,4.552894241,11.03079537,0.594172878,5.392620831,5.268740632,0,0,0,0,0,0
420,stn19-d2-bulk-pul-t3,0.000915771,1.370339462,0.433412522,0.229226004,0.67765933,0.608504197,0,0,0,0,0,0
421,stn19-d2-bulk-pul-t4,0.247344381,1.126855759,3.079712218,0.056029588,1.420865855,1.533132615,0,0,0,0,0,0
422,stn19-d2-bulk-pul-t5,0.168689537,1.788809526,1.564957453,0.024894999,1.126220659,0.960320829,0,0,0,0,0,0
423,stn19-d2-bulk-pul-t6,1.019885254,0.875403045,0,0.011993866,0.29579897,0.501987675,0,0,0,0,0,0
424,stn19-d2-bulk-pul-t7,0.403860081,0,0.103918736,0.009457861,0.037792199,0.057462179,0,0,0,0,0,0
425,stn19-d2-bulk-xyl-t0,0,0,0,0,0,0,0,0,0,0,0,0
426,stn19-d2-bulk-xyl-t1,0.206749945,5.263642291,5.325527497,1.506880236,4.032016675,2.187051204,0,0,0,0,0,0
427,stn19-d2-bulk-xyl-t2,0.021968457,0.315822224,0.544633527,0.099255452,0.319903735,0.222717088,0,0,0,0,0,0
428,stn19-d2-bulk-xyl-t3,0.006649597,0.296416648,0.380286325,0.054037978,0.243580317,0.169420348,0,0,0,0,0,0
429,stn19-d2-bulk-xyl-t4,0.030922509,0.06940156,0.233120387,0.150350427,0.150957458,0.081861101,0,0,0,0,0,0
430,stn19-d2-bulk-xyl-t5,0.006065793,0.075077327,0.067725944,0.119640214,0.087481161,0.028092067,0,0,0,0,0,0
431,stn19-d2-bulk-xyl-t6,0.002986431,0.795118354,3.065821351,1.595476003,1.818805236,1.151707422,0,0.792131923,3.06283492,1.592489572,1.815818805,1.151707422
432,stn19-d2-bulk-xyl-t7,0.032496619,1.614249242,1.893325785,1.957042441,1.821539156,0.182323297,0,1.581752622,1.860829166,1.924545822,1.789042537,0.182323297
433,stn19-d3-bulk-ara-t0,0,0,0,0,0,0,0,0,0,0,0,0
434,stn19-d3-bulk-ara-t1,0,0.001213464,2.411739174,1.351928597,1.254960411,1.208184866,0,0,0,0,0,0
435,stn19-d3-bulk-ara-t2,0,0.445360967,1.251826117,1.034537475,0.910574853,0.417278753,0,0,0,0,0,0
436,stn19-d3-bulk-ara-t3,0,0.404613279,0.385634524,0.652715569,0.480987791,0.149023054,0,0,0,0,0,0
437,stn19-d3-bulk-ara-t4,0,0.407753743,0.954802245,0.92418793,0.762247973,0.307382381,0,0,0,0,0,0
438,stn19-d3-bulk-ara-t5,0,0.144255897,0.260711619,0.295075834,0.233347783,0.07904586,0,0,0,0,0,0
439,stn19-d3-bulk-chn-t0,0,0,0,0,0,0,0,0,0,0,0,0
440,stn19-d3-bulk-chn-t1,0,0.102047362,0.0643536,0.147462827,0.104621263,0.041614356,0,0,0,0,0,0
441,stn19-d3-bulk-chn-t2,0,0.163518235,0.032797476,0.082125153,0.092813621,0.066012588,0,0,0,0,0,0
442,stn19-d3-bulk-chn-t3,0,0.031932839,0.015139753,0.023818392,0.023630328,0.008398122,0,0.031932839,0.015139753,0.023818392,0.023630328,0.008398122
443,stn19-d3-bulk-chn-t4,0,0.011618462,0.005611367,0.02854061,0.015256813,0.011889733,0,0.011618462,0.005611367,0.02854061,0.015256813,0.011889733
444,stn19-d3-bulk-chn-t5,0,0.00793245,0.010229268,NA,0.009080859,0.001624095,0,0.00793245,0.010229268,,0.009080859,
445,stn19-d3-bulk-fuc-t0,0,0,0,0,0,0,0,0,0,0,0,0
446,stn19-d3-bulk-fuc-t1,0,0.311884074,4.357517775,1.18030038,1.949900743,2.129789086,0,0,0,0,0,0
447,stn19-d3-bulk-fuc-t2,0,3.514405556,3.281543883,1.696219578,2.830723006,0.989383475,0,0,0,0,0,0
448,stn19-d3-bulk-fuc-t3,0,0.23099451,1.535909775,1.084738721,0.950547669,0.662726483,0,0,0,0,0,0
449,stn19-d3-bulk-fuc-t4,0,1.865056009,1.852096345,1.307021389,1.674724581,0.318506227,0,0,0,0,0,0
450,stn19-d3-bulk-fuc-t5,0,0.859764944,0.82518453,0.727108089,0.804019188,0.068814527,0,0,0,0,0,0
451,stn19-d3-bulk-lam-t0,0,0,0,0,0,0,0,0,0,0,0,0
452,stn19-d3-bulk-lam-t1,0,0.154337614,1.182839066,0.625935265,0.654370648,0.514840011,0,0,0,0,0,0
453,stn19-d3-bulk-lam-t2,0,0.216418553,0.321812536,1.006447992,0.514893027,0.428948348,0,0,0,0,0,0
454,stn19-d3-bulk-lam-t3,0,0.206058418,0.3535795,0.318058576,0.292565498,0.076993767,0,0,0,0,0,0
455,stn19-d3-bulk-lam-t4,0,0.471728858,0.590536796,0.700118582,0.587461412,0.114225916,0,0.471728858,0.590536796,0.700118582,0.587461412,0.114225916
456,stn19-d3-bulk-lam-t5,0,0.953055674,0.850916056,1.154823593,0.986265108,0.154651536,0,0.953055674,0.850916056,1.154823593,0.986265108,0.154651536
457,stn19-d3-bulk-pul-t0,0,0,0,0,0,0,0,0,0,0,0,0
458,stn19-d3-bulk-pul-t1,0,0.700560639,0.639431444,1.431292209,0.923761431,0.440595975,0,0,0,0,0,0
459,stn19-d3-bulk-pul-t2,0,0.433595803,0.59181839,0.76123258,0.595548924,0.163850243,0,0,0,0,0,0
460,stn19-d3-bulk-pul-t3,0,0.206791411,0.360281396,0.808244713,0.458439174,0.312510369,0,0,0,0,0,0
461,stn19-d3-bulk-pul-t4,0,0.266583189,0.372177483,0.785718982,0.474826551,0.274368577,0,0,0,0,0,0
462,stn19-d3-bulk-pul-t5,0,0.363128571,0.426258282,1.402004435,0.730463762,0.582427245,0,0.363128571,0.426258282,1.402004435,0.730463762,0.582427245
463,stn19-d3-bulk-xyl-t0,0,0,0,0,0,0,0,0,0,0,0,0
464,stn19-d3-bulk-xyl-t1,0,0.192590294,0.505685349,0.107547966,0.26860787,0.209672001,0,0,0,0,0,0
465,stn19-d3-bulk-xyl-t2,0,1.830971232,1.511763629,1.544199902,1.628978254,0.175681246,0,1.830971232,1.511763629,1.544199902,1.628978254,0.175681246
466,stn19-d3-bulk-xyl-t3,0,7.093058585,7.217211903,7.163925439,7.158065309,0.062283766,0,7.093058585,7.217211903,7.163925439,7.158065309,0.062283766
467,stn19-d3-bulk-xyl-t4,0,5.208590488,5.294669796,5.308665618,5.270641967,0.054191884,0,5.208590488,5.294669796,5.308665618,5.270641967,0.054191884
468,stn19-d3-bulk-xyl-t5,0,2.750853838,2.798179926,2.726524388,2.758519384,0.036437611,0,2.750853838,2.798179926,2.726524388,2.758519384,0.036437611
469,stn19-d4-bulk-ara-t0,0,0,0,0,0,0,0,0,0,0,0,0
470,stn19-d4-bulk-ara-t1,9.73889151,6.166882855,8.769692727,4.711475797,6.54935046,2.055965044,0,0,0,0,0,0
471,stn19-d4-bulk-ara-t2,4.005399264,1.735840905,1.542059563,0.441332121,1.239744197,0.698200676,0,0,0,0,0,0
472,stn19-d4-bulk-ara-t3,1.517128631,0.009535499,0.792939402,0.227062679,0.343179193,0.404404133,0,0,0,0,0,0
473,stn19-d4-bulk-ara-t4,0.923092048,0.061279509,0.409046799,0.099815272,0.190047193,0.190635442,0,0,0,0,0,0
474,stn19-d4-bulk-ara-t5,0.666075299,0.087720744,0.272189157,0.059790586,0.139900162,0.115413634,0,0,0,0,0,0
475,stn19-d4-bulk-chn-t0,0,0,0,0,0,0,0,0,0,0,0,0
476,stn19-d4-bulk-chn-t1,3.314930885,1.953229036,0.112704964,3.831328941,1.965754314,1.85934363,0,0,0,0,0,0
477,stn19-d4-bulk-chn-t2,0.568248057,1.168663037,0.011358115,0.010854798,0.39695865,0.668315651,0,0,0,0,0,0
478,stn19-d4-bulk-chn-t3,0.445818279,1.320630055,0.621804664,0.208092561,0.716842427,0.562324685,0,0,0,0,0,0
479,stn19-d4-bulk-chn-t4,0.306670057,0.44130557,0.994268327,0.487913575,0.641162491,0.306685303,0,0,0.68759827,0.181243517,0.289613929,0.356378948
480,stn19-d4-bulk-chn-t5,0.685078109,0.53364305,0.466088156,1.334826248,0.778185818,0.483246668,0,0,0,0.649748139,0.216582713,0.375132263
481,stn19-d4-bulk-fuc-t0,0,0,0,0,0,0,0,0,0,0,0,0
482,stn19-d4-bulk-fuc-t1,1.525556841,1.384324326,1.343470241,1.57599721,1.434597259,0.124147991,0,0,0,0,0,0
483,stn19-d4-bulk-fuc-t2,2.32125918,0.047858378,0.3500546,0.817935937,0.405282972,0.387998056,0,0,0,0,0,0
484,stn19-d4-bulk-fuc-t3,0.835162598,0.001692015,1.389550429,1.392529757,0.927924067,0.80214187,0,0,0,0,0,0
485,stn19-d4-bulk-fuc-t4,0.786196788,0.267710822,0.243208289,0.66933601,0.393418373,0.239265543,0,0,0,0,0,0
486,stn19-d4-bulk-fuc-t5,0.714192105,0.524159349,0.480227177,0.350874717,0.451753748,0.090082979,0,0,0,0,0,0
487,stn19-d4-bulk-lam-t0,0,0,0,0,0,0,0,0,0,0,0,0
488,stn19-d4-bulk-lam-t1,1.971667647,1.894608204,0.826958673,0.187124058,0.969563645,0.862628345,0,0,0,0,0,0
489,stn19-d4-bulk-lam-t2,0.690932716,0.040252917,0.079489181,0.033453305,0.051065134,0.024849618,0,0,0,0,0,0
490,stn19-d4-bulk-lam-t3,0.075608031,0.965043882,1.340599318,0.552636731,0.952759977,0.394124892,0,0.889435851,1.264991287,0.4770287,0.877151946,0.394124892
491,stn19-d4-bulk-lam-t4,0.8765283,1.380122211,1.298078338,1.132117583,1.270106044,0.126346392,0,0.50359391,0.421550038,0.255589283,0.393577744,0.126346392
492,stn19-d4-bulk-lam-t5,0.886684423,1.022285087,0.949837079,0.92230284,0.964808335,0.0516451,0,0.135600665,0.063152656,0.035618417,0.078123913,0.0516451
493,stn19-d4-bulk-pul-t0,0,0,0,0,0,0,0,0,0,0,0,0
494,stn19-d4-bulk-pul-t1,6.435577762,6.72065094,8.289760618,7.157368579,7.389260046,0.809849699,0,0,0,0,0,0
495,stn19-d4-bulk-pul-t2,4.517725455,2.851149962,2.810205038,0,1.887118333,1.634420639,0,0,0,0,0,0
496,stn19-d4-bulk-pul-t3,2.056917861,2.442164035,4.44566747,1.027260742,2.638364082,1.717628302,0,0.385246173,2.388749609,0,0.924665261,1.282482315
497,stn19-d4-bulk-pul-t4,1.302635297,3.20660732,3.075195508,2.938341336,3.073381388,0.134142192,0,1.903972023,1.772560211,1.635706039,1.770746091,0.134142192
498,stn19-d4-bulk-pul-t5,0.783870363,2.896284041,2.380308172,2.961296934,2.745963049,0.318330466,0,2.112413677,1.596437808,2.17742657,1.962092685,0.318330466
499,stn19-d4-bulk-xyl-t0,0,0,0,0,0,0,0,0,0,0,0,0
500,stn19-d4-bulk-xyl-t1,0.022894327,0.038028464,0.022931943,0.054138396,0.038366268,0.015605969,0,0,0,0,0,0
501,stn19-d4-bulk-xyl-t2,0.008075876,0.27387752,0.054932524,0.014872071,0.114560705,0.139418778,0,0,0,0,0,0
502,stn19-d4-bulk-xyl-t3,0.003172576,0.181839466,0.235497844,0.149217153,0.188851488,0.043565649,0,0,0,0,0,0
503,stn19-d4-bulk-xyl-t4,0.003631006,1.502976957,0.954138092,1.411164958,1.289426669,0.2939748,0,1.499345951,0.950507087,1.407533952,1.285795664,0.2939748
504,stn19-d4-bulk-xyl-t5,0.049057684,1.733113128,1.433907396,1.435159238,1.534059921,0.172386271,0,1.684055444,1.384849712,1.386101554,1.485002236,0.172386271
505,stn19-d5-bulk-ara-t0,0,0,0,0,0,0,0,0,0,0,0,0
506,stn19-d5-bulk-ara-t1,3.867476999,5.216663083,6.015996222,4.11642109,5.116360132,0.953751504,0,0,0,0,0,0
507,stn19-d5-bulk-ara-t2,1.637209935,2.32129653,3.800191738,NA,3.060744134,1.045736831,0,0,0,0,0,0
508,stn19-d5-bulk-ara-t3,0.788634803,0.124854665,0.782910592,0.800570201,0.569445153,0.38512789,0,0,0,0,0,0
509,stn19-d5-bulk-ara-t4,0.002421277,0.60372131,0.542814057,0.342340348,0.496291905,0.136759771,0,0,0,0,0,0
510,stn19-d5-bulk-ara-t5,0.120743633,0.086530493,0.034029487,0.001097625,0.040552535,0.043088355,0,0,0,0,0,0
511,stn19-d5-bulk-chn-t0,0,0,0,0,0,0,0,0,0,0,0,0
512,stn19-d5-bulk-chn-t1,2.150238517,1.238300853,2.600521937,0.089023807,1.309282199,1.25725275,0,0,0,0,0,0
513,stn19-d5-bulk-chn-t2,0.655556185,1.213808108,1.648859916,0.037944873,0.966870966,0.833363836,0,0,0,0,0,0
514,stn19-d5-bulk-chn-t3,1.066129583,1.766825649,2.057307352,1.72065621,1.848263071,0.182503529,0,0,0,0,0,0
515,stn19-d5-bulk-chn-t4,0.531145188,1.249901972,2.550815643,1.021422318,1.607379978,0.8249872,0,0,2.019670455,0.49027713,0.836649195,1.053445486
516,stn19-d5-bulk-chn-t5,0,0.720641052,1.144582113,0.604665732,0.823296299,0.284219984,0,0,1.144582113,0.604665732,0.583082615,0.572596216
517,stn19-d5-bulk-fuc-t0,0,0,0,0,0,0,0,0,0,0,0,0
518,stn19-d5-bulk-fuc-t1,6.929898487,2.244457137,2.909624203,1.973609135,2.375896825,0.481651685,0,0,0,0,0,0
519,stn19-d5-bulk-fuc-t2,3.512983993,0.741505412,1.028898713,0.566865611,0.779089912,0.233298291,0,0,0,0,0,0
520,stn19-d5-bulk-fuc-t3,2.218079639,0.270876607,0.485677005,0.2133008,0.323284804,0.143551954,0,0,0,0,0,0
521,stn19-d5-bulk-fuc-t4,1.539155912,0.673451565,0.371983918,0.380227142,0.475220875,0.171722283,0,0,0,0,0,0
522,stn19-d5-bulk-fuc-t5,0.946042278,0.543847018,0.04145696,0.172582702,0.252628893,0.260584895,0,0,0,0,0,0
523,stn19-d5-bulk-lam-t0,0,0,0,0,0,0,0,0,0,0,0,0
524,stn19-d5-bulk-lam-t1,0.67001654,1.150842534,0.680855566,1.196418558,1.009372219,0.285414939,0,0,0,0,0,0
525,stn19-d5-bulk-lam-t2,1.111923449,0.547967069,0.348643085,0.395319736,0.430643297,0.104251274,0,0,0,0,0,0
526,stn19-d5-bulk-lam-t3,0.448509073,0.668679895,0.441766382,0.839931376,0.650125884,0.19972989,0,0.220170822,0,0.391422302,0.203864375,0.196219978
527,stn19-d5-bulk-lam-t4,0.227427839,0.85611637,0.945968426,1.122836445,0.974973747,0.135705125,0,0.628688532,0.718540587,0.895408606,0.747545908,0.135705125
528,stn19-d5-bulk-lam-t5,0.874318939,0.418512079,0.491137623,0.427111119,0.445586941,0.039681663,0,0,0,0,0,0
529,stn19-d5-bulk-pul-t0,0,0,0,0,0,0,0,0,0,0,0,0
530,stn19-d5-bulk-pul-t1,6.982781265,5.765549253,11.15792743,18.99343752,11.97230473,6.651440805,0,0,0,0,0,0
531,stn19-d5-bulk-pul-t2,3.954170297,3.90626133,7.528538746,11.84868185,7.761160642,3.976316844,0,0,0,0,0,0
532,stn19-d5-bulk-pul-t3,1.923748487,1.575702984,3.345170189,6.858003307,3.92629216,2.688670905,0,0,0,4.934254819,1.644751606,2.848793348
533,stn19-d5-bulk-pul-t4,1.296958859,2.120287151,1.503918187,5.371654545,2.998619961,2.078087469,0,0.823328292,0,4.074695686,1.632674659,2.15454575
534,stn19-d5-bulk-pul-t5,0.563024775,1.56111637,1.232573933,1.547509127,1.447066476,0.185880547,0,0.998091595,0.669549158,0.984484352,0.884041701,0.185880547
535,stn19-d5-bulk-xyl-t0,0,0,0,0,0,0,0,0,0,0,0,0
536,stn19-d5-bulk-xyl-t1,0.016817679,0.287719981,0.69061669,0.063176827,0.347171166,0.3179167,0,0,0,0,0,0
537,stn19-d5-bulk-xyl-t2,0.028415674,0.682785923,0.590590372,0.32255262,0.531976305,0.18713288,0,0,0,0,0,0
538,stn19-d5-bulk-xyl-t3,0.005218118,0.099177579,0.042699959,0.484888408,0.208921982,0.240656459,0,0,0,0,0,0
539,stn19-d5-bulk-xyl-t4,0.001652249,0.184861084,0.055178844,0.006483903,0.08217461,0.092201861,0,0,0,0,0,0
540,stn19-d5-bulk-xyl-t5,0.073054831,0.348630617,1.54069507,1.768708209,1.219344632,0.7626301,0,0.275575786,1.467640239,1.695653378,1.146289801,0.7626301
541,stn19-d6-bulk-ara-t0,0,0,0,0,0,0,0,0,0,0,0,0
542,stn19-d6-bulk-ara-t1,0.031285446,0.009468949,0.000978471,0.000581696,0.003676372,0.00502044,0,0,0,0,0,0
543,stn19-d6-bulk-ara-t2,0.013445004,0.00673301,0.022711024,0.004930782,0.011458272,0.009786743,0,0,0,0,0,0
544,stn19-d6-bulk-ara-t3,0.005336999,0.005421697,0.00996625,0.010978621,0.008788856,0.002959652,0,0,0,0,0,0
545,stn19-d6-bulk-ara-t4,0.001169818,0.00212269,0.000207873,0.014558589,0.005629718,0.007791675,0,0,0,0,0,0
546,stn19-d6-bulk-ara-t5,0.000721339,0.001509876,0.004848171,0.000265033,0.002207693,0.002369916,0,0,0,0,0,0
547,stn19-d6-bulk-chn-t0,0,0,0,0,0,0,0,0,0,0,0,0
548,stn19-d6-bulk-chn-t1,0.105593685,0.001575676,0.000257981,0.123747132,0.041860263,0.070919169,0,0,0,0,0,0
549,stn19-d6-bulk-chn-t2,0.079651817,0.199668983,0.038943893,0.440681555,0.226431477,0.202201534,0,0,0,0,0,0
550,stn19-d6-bulk-chn-t3,0.015420818,0.054149239,0.037263029,0.049056701,0.04682299,0.008661877,0,0,0,0,0,0
551,stn19-d6-bulk-chn-t4,0.022682911,0.045932192,0.011868593,0.004590596,0.020797127,0.022069683,0,0,0,0,0,0
552,stn19-d6-bulk-chn-t5,0.006836585,0.000146206,0.004632979,0.034813727,0.013197637,0.018854025,0,0,0,0,0,0
553,stn19-d6-bulk-fuc-t0,0,0,0,0,0,0,0,0,0,0,0,0
554,stn19-d6-bulk-fuc-t1,0.132808794,0.00086536,0.095663191,0.095936166,0.064154906,0.054810525,0,0,0,0,0,0
555,stn19-d6-bulk-fuc-t2,0.043074471,0.016326593,0.041011229,0.028987036,0.028774953,0.012343685,0,0,0,0,0,0
556,stn19-d6-bulk-fuc-t3,0.002214537,0.019353309,0.015635988,0.009881244,0.014956847,0.004772413,0,0,0,0,0,0
557,stn19-d6-bulk-fuc-t4,0.004579188,0.000152593,0.01952168,0.07508428,0.031586184,0.038895419,0,0,0,0,0,0
558,stn19-d6-bulk-fuc-t5,0.003304345,8.01E-05,0.018958355,0.005797025,0.008278479,0.00968069,0,0,0,0,0,0
559,stn19-d6-bulk-lam-t0,0,0,0,0,0,0,0,0,0,0,0,0
560,stn19-d6-bulk-lam-t1,0.001754798,0.009965276,0.003667624,0.032736328,0.015456409,0.01529254,0,0,0,0,0,0
561,stn19-d6-bulk-lam-t2,0.001139218,0.007823207,0.004524905,0.01153061,0.007959574,0.003504843,0,0,0,0,0,0
562,stn19-d6-bulk-lam-t3,9.69E-06,0.008600008,0.005786659,0.028416899,0.014267855,0.012333909,0,0.008590315,0,0,0.002863438,0.004959621
563,stn19-d6-bulk-lam-t4,0.000171884,0.002548234,0.000565691,0.002410623,0.001841516,0.001107037,0,0.002376349,0,0,0.000792116,0.001371986
564,stn19-d6-bulk-lam-t5,0.000440492,0.001048748,0.001248482,0.00212721,0.001474813,0.00057375,0,0.000608256,0,0,0.000202752,0.000351177
565,stn19-d6-bulk-pul-t0,0,0,0,0,0,0,0,0,0,0,0,0
566,stn19-d6-bulk-pul-t1,126.5494641,0.83030879,0.282164357,2.12293621,1.078469786,0.94514452,0,0,0,0,0,0
567,stn19-d6-bulk-pul-t2,2.025167703,21.50012243,3.188830751,1.444160676,8.711037952,11.10997209,0,0,0,0,0,0
568,stn19-d6-bulk-pul-t3,3.792906094,8.41671559,0.64116253,0.664103119,3.240660413,4.48260995,0,0,0,0,0,0
569,stn19-d6-bulk-pul-t4,0.381187159,23.57133592,0.071552562,0.468114824,8.037001103,13.4545897,0,0,0,0.086927665,0.028975888,0.050187711
570,stn19-d6-bulk-pul-t5,0.027959184,2.592746811,1.6536001,0.263200952,1.503182621,1.172034573,0,0,1.625640915,0.235241768,0.620294228,0.878564821
571,stn19-d6-bulk-xyl-t0,0,0,0,0,0,0,0,0,0,0,0,0
572,stn19-d6-bulk-xyl-t1,0.00185907,0.001280315,0.012337798,0.000334442,0.004650852,0.006673869,0,0,0,0,0,0
573,stn19-d6-bulk-xyl-t2,0.002229175,0.035165322,0.014956385,0.015362219,0.021827975,0.011552263,0,0,0,0,0,0
574,stn19-d6-bulk-xyl-t3,0.000819224,0.007124793,0.03671982,0.013843236,0.019229283,0.015515268,0,0,0,0,0,0
575,stn19-d6-bulk-xyl-t4,2.05E-05,0.000223104,0.002748949,0.004791997,0.002588017,0.002288694,0,0,0,0,0,0
576,stn19-d6-bulk-xyl-t5,2.66E-05,0.00178525,0.001110899,0.001612704,0.001502951,0.000350316,0,0,0,0,0,0
577,stn19-d7-bulk-ara-t0,0,0,0,0,0,0,0,0,0,0,0,0
578,stn19-d7-bulk-ara-t1,4.23059745,0.286437874,2.70816903,27.18156666,10.05872452,14.87817151,0,0,0,0,0,0
579,stn19-d7-bulk-ara-t2,0.407808187,0.638606879,0.756885389,1.282217848,0.892570039,0.342587964,0,0,0,0,0,0
580,stn19-d7-bulk-ara-t3,1.373550598,1.209103368,0.759830236,2.624645652,1.531193085,0.97323711,0,0,0,0,0,0
581,stn19-d7-bulk-ara-t4,0.45306184,1.576229609,0.72434904,0.480897724,0.927158791,0.575140705,0,0,0,0,0,0
582,stn19-d7-bulk-ara-t5,0.539388263,0.295403563,0.241815329,0.538738669,0.35865252,0.158244085,0,0,0,0,0,0
583,stn19-d7-bulk-ara-t6,0.518472452,0.497289505,0.204557536,0.489588116,0.397145052,0.166830127,0,0,0,0,0,0
584,stn19-d7-bulk-ara-t7,0.313554862,0.241532284,0.275853882,0.299834692,0.272406952,0.029303646,0,0,0,0,0,0
585,stn19-d7-bulk-chn-t0,0,0,0,0,0,0,0,0,0,0,0,0
586,stn19-d7-bulk-chn-t1,0.002520569,0.661342175,36.19510408,15.48232992,17.44625873,17.84810413,0,0,0,0,0,0
587,stn19-d7-bulk-chn-t2,0.029339168,0.052160925,1.470594115,4.567932726,2.030229255,2.309316426,0,0,0,0,0,0
588,stn19-d7-bulk-chn-t3,0.349557627,1.862113469,1.334339268,1.4345106,1.543654446,0.28030463,0,0,0,0,0,0
589,stn19-d7-bulk-chn-t4,1.690833465,0.28608476,1.50048537,1.75840284,1.181657657,0.786236901,0,0,0,0,0,0
590,stn19-d7-bulk-chn-t5,0.27832288,0.775234453,0.620022075,0.750408782,0.71522177,0.083374546,0,0,0,0,0,0
591,stn19-d7-bulk-chn-t6,0.770339174,0.949010453,1.026017983,1.137324801,1.037451079,0.094676344,0,0,0,0,0,0
592,stn19-d7-bulk-chn-t7,0.68717743,2.574286064,1.955346177,2.031238006,2.186956749,0.337576497,0,1.887108634,1.268168748,1.344060576,1.499779319,0.337576497
593,stn19-d7-bulk-fuc-t0,0,0,0,0,0,0,0,0,0,0,0,0
594,stn19-d7-bulk-fuc-t1,8.881662771,35.0449435,25.39349756,129.6651559,63.36786566,57.61758085,0,0,0,0,0,0
595,stn19-d7-bulk-fuc-t2,0.681735754,1.061285677,7.611011989,3.302211453,3.99150304,3.328824246,0,0,0,0,0,0
596,stn19-d7-bulk-fuc-t3,0.384603928,NA,11.44349576,5.476048395,8.459772078,4.219622499,0,0,0,0,0,0
597,stn19-d7-bulk-fuc-t4,0.219820307,4.574057614,2.277848539,3.652059766,3.501321973,1.155502246,0,0,0,0,0,0
598,stn19-d7-bulk-fuc-t5,0.812188995,2.432509938,1.38819745,2.550355103,2.123687497,0.639672633,0,0,0,0,0,0
599,stn19-d7-bulk-fuc-t6,1.257720251,1.523999172,0.690077214,0.944304009,1.052793465,0.427415407,0,0,0,0,0,0
600,stn19-d7-bulk-fuc-t7,0.697992625,1.203352548,0.855316776,0.851694697,0.97012134,0.20199227,0,0,0,0,0,0
601,stn19-d7-bulk-lam-t0,0,0,0,0,0,0,0,0,0,0,0,0
602,stn19-d7-bulk-lam-t1,2.571136944,24.65639402,1.521610205,11.74027997,12.63942806,11.59357175,0,0,0,0,0,0
603,stn19-d7-bulk-lam-t2,3.412354972,6.932329461,0.287661008,NA,3.609995235,4.698490122,0,0,0,0,0,0
604,stn19-d7-bulk-lam-t3,1.602385026,2.565278414,0.848645745,0.634945529,1.349623229,1.058196623,0,0,0,0,0,0
605,stn19-d7-bulk-lam-t4,0.68673644,0.39668796,0.045937796,0.004829157,0.149151638,0.215355876,0,0,0,0,0,0
606,stn19-d7-bulk-lam-t5,0.418575048,0.158754517,0.07071987,0.170850126,0.133441504,0.054654172,0,0,0,0,0,0
607,stn19-d7-bulk-lam-t6,0.059072608,0.789486062,0.550966548,0.280849875,0.540434162,0.254481613,0,0.730413455,0.49189394,0.221777268,0.481361554,0.254481613
608,stn19-d7-bulk-lam-t7,0.077607,1.359651622,0.927533876,1.094969356,1.127384951,0.217874998,0,1.282044622,0.849926876,1.017362356,1.049777951,0.217874998
609,stn19-d7-bulk-pul-t0,0,0,0,0,0,0,0,0,0,0,0,0
610,stn19-d7-bulk-pul-t1,0,3.450985731,14.14702858,0,5.866004772,7.376234959,0,0,0,0,0,0
611,stn19-d7-bulk-pul-t2,0.532869456,5.480898346,7.787818705,10.1477343,7.805483784,2.333468127,0,0,0,0,0,0
612,stn19-d7-bulk-pul-t3,0.030789856,11.5017989,8.25167892,6.486260394,8.746579405,2.544130793,0,0,0,0,0,0
613,stn19-d7-bulk-pul-t4,0.072646306,4.148263372,0.168166668,1.52886223,1.948430757,2.02294853,0,0,0,0,0,0
614,stn19-d7-bulk-pul-t5,0.095596948,2.281084536,1.5858833,3.840756441,2.569241426,1.154724649,0,0,0,0,0,0
615,stn19-d7-bulk-pul-t6,0.489290647,0.550778877,0.101419804,0,0.217399561,0.293134476,0,0,0,0,0,0
616,stn19-d7-bulk-pul-t7,0.325383284,0.427720105,0.128871622,0.338874525,0.29848875,0.153462901,0,0,0,0,0,0
617,stn19-d7-bulk-xyl-t0,0,0,0,0,0,0,0,0,0,0,0,0
618,stn19-d7-bulk-xyl-t1,1.110073676,0.637400808,1.057147055,2.650364003,1.448303955,1.061959508,0,0,0,0,0,0
619,stn19-d7-bulk-xyl-t2,0.08002007,0.506498465,0.337483168,0.051711589,0.298564408,0.229877746,0,0,0,0,0,0
620,stn19-d7-bulk-xyl-t3,0.1214811,0.007579847,0.024966002,0.141417678,0.057987842,0.072773434,0,0,0,0,0,0
621,stn19-d7-bulk-xyl-t4,0.058497185,0.002167938,0.002064665,0.102723064,0.035651889,0.058085364,0,0,0,0,0,0
622,stn19-d7-bulk-xyl-t5,0.017086293,0.061630537,0.043792622,0.020281243,0.041901467,0.020739416,0,0,0,0,0,0
623,stn19-d7-bulk-xyl-t6,0.035051011,0.005130333,0.058762487,3.193495643,1.085796154,1.825518269,0,0,0,3.158444632,1.052814877,1.823528858
624,stn19-d7-bulk-xyl-t7,0.047952235,0.127932995,0.063103931,2.186394304,0.792477077,1.207602844,0,0,0,2.138442069,0.712814023,1.234630104
625,stn20-d1-bulk-ara-t0,0,0,0,0,0,0,0,0,0,0,0,0
626,stn20-d1-bulk-ara-t1,1.42127305,1.777874183,1.156976399,0.070789512,1.001880031,0.86404611,0,0,0,0,0,0
627,stn20-d1-bulk-ara-t2,0.629475436,1.934066885,1.106353548,0.960233441,1.333551292,0.525168549,0,0,0,0,0,0
628,stn20-d1-bulk-ara-t3,0.232824755,0.645486826,0.004791668,0.600839194,0.41703923,0.35771412,0,0,0,0,0,0
629,stn20-d1-bulk-ara-t4,0.0009181,0.745295767,0.226981879,0.173212849,0.381830165,0.315916461,0,0,0,0,0,0
630,stn20-d1-bulk-ara-t5,0.52234208,0.636684346,0.491576925,0.486727344,0.538329538,0.085212269,0,0,0,0,0,0
631,stn20-d1-bulk-chn-t0,0,0,0,0,0,0,0,0,0,0,0,0
632,stn20-d1-bulk-chn-t1,6.572951372,4.80317504,0,7.229944819,4.011039953,3.679488282,0,0,0,0,0,0
633,stn20-d1-bulk-chn-t2,2.04568549,2.900777408,2.276356399,2.90552014,2.694217983,0.361886516,0,0,0,0,0,0
634,stn20-d1-bulk-chn-t3,1.491454825,2.930758466,3.021326559,1.654026848,2.535370624,0.764608255,0,0,0,0,0,0
635,stn20-d1-bulk-chn-t4,1.1428397,4.189238598,4.090526114,3.362110775,3.880625163,0.451750945,0,0,0,0,0,0
636,stn20-d1-bulk-chn-t5,1.306221011,2.229982313,2.722141271,2.424527906,2.45888383,0.247871654,0,0,0,0,0,0
637,stn20-d1-bulk-fuc-t0,0,0,0,0,0,0,0,0,0,0,0,0
638,stn20-d1-bulk-fuc-t1,5.445957338,7.951611811,6.421196444,3.325199714,5.89933599,2.356942081,0,0,0,0,0,0
639,stn20-d1-bulk-fuc-t2,1.84741165,3.950449241,3.9009653,3.940248524,3.930554355,0.026127529,0,0,0,0,0,0
640,stn20-d1-bulk-fuc-t3,2.032514302,2.892396366,2.298131942,2.281457841,2.49066205,0.348012,0,0,0,0,0,0
641,stn20-d1-bulk-fuc-t4,1.169078827,1.495864469,1.599091965,1.592887353,1.562614596,0.05789049,0,0,0,0,0,0
642,stn20-d1-bulk-fuc-t5,0.883925834,1.80617476,1.218373198,1.157818434,1.394122131,0.358130209,0,0,0,0,0,0
643,stn20-d1-bulk-lam-t0,0,0,0,0,0,0,0,0,0,0,0,0
644,stn20-d1-bulk-lam-t1,0.629857792,4.659993761,6.181536524,6.466917917,5.769482734,0.97138302,0,4.030135969,5.551678732,5.837060125,5.139624942,0.97138302
645,stn20-d1-bulk-lam-t2,3.700711573,5.163827953,5.402453847,4.850875176,5.139052325,0.276622724,0,1.46311638,1.701742274,1.150163602,1.438340752,0.276622724
646,stn20-d1-bulk-lam-t3,3.5390424,3.300183872,3.161286288,3.133906623,3.198458927,0.089153714,0,0,0,0,0,0
647,stn20-d1-bulk-lam-t4,2.56557054,2.751024278,2.606137227,2.36360964,2.573590382,0.195747281,0,0.185453738,0.040566687,0,0.075340142,0.097494446
648,stn20-d1-bulk-lam-t5,1.615169366,1.864982327,1.787063741,1.738722028,1.796922699,0.063704906,0,0.249812961,0.171894375,0.123552662,0.181753333,0.063704906
649,stn20-d1-bulk-pul-t0,0,0,0,0,0,0,0,0,0,0,0,0
650,stn20-d1-bulk-pul-t1,0.139760531,1.33966002,0.840905802,0.365626692,0.848730838,0.48706381,0,0,0,0,0,0
651,stn20-d1-bulk-pul-t2,0.124751075,1.761661986,1.674818841,2.558055462,1.998178763,0.486807839,0,3.273821821,3.100135531,4.866608774,3.746855375,0.973615677
652,stn20-d1-bulk-pul-t3,0.052905604,2.548340768,3.249855315,3.926641768,3.241612617,0.68918747,0,4.990870327,6.393899421,7.747472328,6.377414026,1.378374939
653,stn20-d1-bulk-pul-t4,0.001208292,3.526511397,4.431304723,5.424311236,4.460709119,0.94924155,0,7.05060621,8.86019286,10.84620589,8.919001653,1.898483101
654,stn20-d1-bulk-pul-t5,0.000594988,3.69949553,4.079003178,4.228196476,4.002231728,0.272583133,0,7.397801084,8.156816379,8.455202977,8.00327348,0.545166266
655,stn20-d1-bulk-xyl-t0,0,0,0,0,0,0,0,0,0,0,0,0
656,stn20-d1-bulk-xyl-t1,0.807366879,0.004519549,1.15790362,0.836309179,0.666244116,0.595201897,0,0,0,0,0,0
657,stn20-d1-bulk-xyl-t2,0.855814007,0.676600193,1.239949904,1.117628511,1.011392869,0.296319478,0,0,0,0,0,0
658,stn20-d1-bulk-xyl-t3,0.755660697,0.702533542,0.760284661,0.926235463,0.796351222,0.11613025,0,0,0,0,0,0
659,stn20-d1-bulk-xyl-t4,2.390362907,3.180982457,3.178525302,3.294115668,3.217874476,0.066038239,0,0.79061955,0.788162395,0.903752761,0.827511569,0.066038239
660,stn20-d1-bulk-xyl-t5,1.845847415,2.482375248,2.573584318,2.556176698,2.537378755,0.04842309,0,0.636527833,0.727736903,0.710329282,0.691531339,0.04842309
661,stn20-d2-bulk-ara-t0,0,0,0,0,0,0,0,0,0,0,0,0
662,stn20-d2-bulk-ara-t1,10.3741086,2.294943804,15.07333979,20.39774137,12.58867499,9.303654623,0,0,0,0,0,0
663,stn20-d2-bulk-ara-t2,0.034255227,7.411260312,5.158952296,10.19128538,7.587165995,2.520773922,0,0,0,0,0,0
664,stn20-d2-bulk-ara-t3,0.382183761,3.858042802,3.503667955,4.262213616,3.874641458,0.379545144,0,0,0,0,0,0
665,stn20-d2-bulk-ara-t4,0.550686399,1.868223022,2.04330232,2.317834795,2.076453379,0.226631708,0,0,0,0,0,0
666,stn20-d2-bulk-ara-t5,0.041305588,1.333553243,1.478572031,1.617392626,1.476505967,0.14193097,0,0,0,0,0,0
667,stn20-d2-bulk-ara-t6,0.631802171,1.238177227,1.595235483,1.448747758,1.427386823,0.179485004,0,0,0,0,0,0
668,stn20-d2-bulk-ara-t7,0.358083476,0.716806135,0.681114232,0.648229225,0.682049864,0.034298028,0,0,0,0,0,0
669,stn20-d2-bulk-chn-t0,0,0,0,0,0,0,0,0,0,0,0,0
670,stn20-d2-bulk-chn-t1,6.225024987,30.18623268,55.02711545,37.13727575,40.78354129,12.81556879,0,0,0,0,0,0
671,stn20-d2-bulk-chn-t2,0.020269673,4.91861364,22.0693624,6.806849004,11.26494168,9.404413246,0,0,0,0,0,0
672,stn20-d2-bulk-chn-t3,1.81004951,13.65730503,17.87618907,16.98140992,16.17163467,2.222959196,0,0,16.06613956,15.17136041,10.41249999,9.028580976
673,stn20-d2-bulk-chn-t4,2.112211513,5.06193363,8.66331567,8.751153267,7.492134189,2.105073616,0,0,6.551104157,6.638941754,4.396681971,3.807891559
674,stn20-d2-bulk-chn-t5,1.882501704,4.965609547,7.043493781,6.775473609,6.261525645,1.130268819,0,3.083107843,5.160992077,4.892971905,4.379023941,1.130268819
675,stn20-d2-bulk-chn-t6,2.985025062,4.129872889,4.979333177,4.756537027,4.621914364,0.440440849,0,1.144847827,1.994308115,1.771511965,1.636889302,0.440440849
676,stn20-d2-bulk-chn-t7,1.569940796,2.265263137,2.738150267,2.511632191,2.505015199,0.236512997,0,0.695322341,1.168209471,0.941691396,0.935074403,0.236512997
677,stn20-d2-bulk-fuc-t0,0,0,0,0,0,0,0,0,0,0,0,0
678,stn20-d2-bulk-fuc-t1,3.090890962,1.489645052,3.740491038,11.00632643,5.412154172,4.97369574,0,0,0,0,0,0
679,stn20-d2-bulk-fuc-t2,0.889064715,6.453184056,8.980126298,10.44515683,8.626155729,2.019389273,0,0,0,0,0,0
680,stn20-d2-bulk-fuc-t3,1.326622122,3.151502031,4.585906828,4.946898005,4.228102288,0.949673492,0,0,0,0,0,0
681,stn20-d2-bulk-fuc-t4,1.038478047,1.998602555,2.222473184,2.357528257,2.192867999,0.181285038,0,0,0,0,0,0
682,stn20-d2-bulk-fuc-t5,0.985507813,1.376741236,2.253031791,2.085856454,1.905209827,0.465237775,0,0,0,0,0,0
683,stn20-d2-bulk-fuc-t6,1.817418968,1.589986363,2.057042084,2.191107981,1.946045476,0.315558212,0,0,0,0,0,0
684,stn20-d2-bulk-fuc-t7,0.970717407,1.177158015,1.186854241,1.224108857,1.196040371,0.024786773,0,0,0,0,0,0
685,stn20-d2-bulk-lam-t0,0,0,0,0,0,0,0,0,0,0,0,0
686,stn20-d2-bulk-lam-t1,1.766798016,0.143813149,0.428556302,0.223224319,0.265197924,0.146938774,0,0,0,0,0,0
687,stn20-d2-bulk-lam-t2,0.192591201,9.289551392,3.126051508,0.147337211,4.187646703,4.66264499,0,0,0,0,0,0
688,stn20-d2-bulk-lam-t3,0.034841213,2.962522951,0.555304,0.608939351,1.375588767,1.374586943,0,0,0,0,0,0
689,stn20-d2-bulk-lam-t4,0.020275504,4.081601511,2.198310766,3.23234823,3.170753503,0.943155046,0,4.061326008,2.178035262,3.212072726,3.150477999,0.943155046
690,stn20-d2-bulk-lam-t5,0.012785888,4.545107972,3.099186198,3.294658813,3.646317661,0.78448735,0,4.532322084,3.08640031,3.281872925,3.633531773,0.78448735
691,stn20-d2-bulk-lam-t6,0.007259212,4.352958522,3.148062296,3.216591559,3.572537459,0.676732474,0,4.34569931,3.140803084,3.209332346,3.565278247,0.676732474
692,stn20-d2-bulk-lam-t7,0.007383126,2.404944676,2.095042324,1.689787363,2.063258121,0.358636546,0,2.39756155,2.087659198,1.682404237,2.055874995,0.358636546
693,stn20-d2-bulk-pul-t0,0,0,0,0,0,0,0,0,0,0,0,0
694,stn20-d2-bulk-pul-t1,0,1.649838637,0.453859501,0.339834458,0.814510865,0.725658178,0,0,0,0,0,0
695,stn20-d2-bulk-pul-t2,21.85758562,15.77051413,17.59071795,29.43179912,20.9310104,7.417940559,0,0,0,0,0,0
696,stn20-d2-bulk-pul-t3,0,8.539167751,6.165357633,6.686990115,7.130505166,1.247506641,0,0,0,0,0,0
697,stn20-d2-bulk-pul-t4,0,1.220903092,0.312649324,0.162863218,0.565471878,0.572539541,0,0,0,0,0,0
698,stn20-d2-bulk-pul-t5,0,0.718030978,0.418419992,0.423960925,0.520137299,0.171403346,0,0,0,0,0,0
699,stn20-d2-bulk-pul-t6,0.039829645,0.861520058,0.368876791,0.352484031,0.52762696,0.289276047,0,0.821690414,0.329047146,0.312654387,0.487797316,0.289276047
700,stn20-d2-bulk-pul-t7,0.056085374,1.003141346,0.306381733,0.482951147,0.597491409,0.362226577,0,0.947055972,0.250296359,0.426865772,0.541406034,0.362226577
701,stn20-d2-bulk-xyl-t0,0,0,0,0,0,0,0,0,0,0,0,0
702,stn20-d2-bulk-xyl-t1,0.115663783,4.43908863,3.630628879,0.097228216,2.722315242,2.309050283,0,0,0,0,0,0
703,stn20-d2-bulk-xyl-t2,0.049514069,0.379846985,0.012501101,0.023001997,0.138450028,0.20912182,0,0,0,0,0,0
704,stn20-d2-bulk-xyl-t3,0.463100229,5.719458446,1.216674216,1.338147915,2.758093526,2.565336354,0,5.256358217,0,0,1.752119406,3.034759832
705,stn20-d2-bulk-xyl-t4,1.168028411,7.972614283,8.221747108,10.03086313,8.741741506,1.123339977,0,6.804585872,7.053718697,8.862834714,7.573713095,1.123339977
706,stn20-d2-bulk-xyl-t5,1.01817324,6.080057321,6.432568461,7.176963446,6.56319641,0.559998667,0,5.061884082,5.414395221,6.158790207,5.54502317,0.559998667
707,stn20-d2-bulk-xyl-t6,0.61947,4.634883998,4.838394858,5.261508747,4.911595868,0.319661438,0,4.015413998,4.218924858,4.642038747,4.292125868,0.319661438
708,stn20-d2-bulk-xyl-t7,0.566749995,2.516332518,2.700799794,2.682633262,2.633255191,0.101664593,0,1.949582522,2.134049799,2.115883267,2.066505196,0.101664593
709,stn20-d3-bulk-ara-t0,0,0,0,0,0,0,0,0,0,0,0,0
710,stn20-d3-bulk-ara-t1,4.448198431,1.303298668,1.684158843,1.69581252,1.56109001,0.223329878,0,0,0,0,0,0
711,stn20-d3-bulk-ara-t2,1.118542354,0.746979411,1.513193854,0.488279787,0.916151017,0.53298826,0,0,0,0,0,0
712,stn20-d3-bulk-ara-t3,0.880964628,0.734497966,0.834276724,0.933851103,0.834208598,0.099676586,0,0,0,0,0,0
713,stn20-d3-bulk-ara-t4,0.849354982,0.441575806,0.399033157,0.369353552,0.403320839,0.036301538,0,0,0,0,0,0
714,stn20-d3-bulk-ara-t5,0.367065537,0.485299624,0.483740118,0.826387822,0.598475855,0.197379094,0,0,0,0,0,0
715,stn20-d3-bulk-chn-t0,0,0,0,0,0,0,0,0,0,0,0,0
716,stn20-d3-bulk-chn-t1,2.0048703,21.21870545,21.97479344,21.20472494,21.46607461,0.440618878,0,19.21383515,19.96992314,19.19985464,19.46120431,0.440618878
717,stn20-d3-bulk-chn-t2,1.465397823,12.75632341,11.95065714,12.5101691,12.40571655,0.41286473,0,11.29092559,10.48525932,11.04477127,10.94031873,0.41286473
718,stn20-d3-bulk-chn-t3,1.292096153,7.899815457,7.80453487,7.875293335,7.859881221,0.049474716,0,6.607719305,6.512438717,6.583197182,6.567785068,0.049474716
719,stn20-d3-bulk-chn-t4,0.914355785,5.462309579,5.615270357,5.622239682,5.566606539,0.090391011,0,4.547953794,4.700914571,4.707883896,4.652250754,0.090391011
720,stn20-d3-bulk-chn-t5,0.796198091,3.046217743,3.499368782,3.634777556,3.393454694,0.308243425,0,2.250019652,2.703170691,2.838579465,2.597256603,0.308243425
721,stn20-d3-bulk-fuc-t0,0,0,0,0,0,0,0,0,0,0,0,0
722,stn20-d3-bulk-fuc-t1,2.868854721,5.50551703,2.895733412,3.300312216,3.900520886,1.404610433,0,0,0,0,0,0
723,stn20-d3-bulk-fuc-t2,2.579918443,3.548172285,3.042779416,2.577858761,3.056270154,0.485297418,0,0,0,0,0,0
724,stn20-d3-bulk-fuc-t3,2.423618121,4.190387995,3.612795844,2.847196156,3.550126665,0.673785314,0,0,0,0,0,0
725,stn20-d3-bulk-fuc-t4,1.120742503,2.933982809,2.678494368,2.581922547,2.731466574,0.181909725,0,0,0,0,0,0
726,stn20-d3-bulk-fuc-t5,0.809008242,1.883994716,2.934352501,3.738877193,2.852408137,0.930152358,0,0,2.125344258,2.929868951,1.68507107,1.513741516
727,stn20-d3-bulk-lam-t0,0,0,0,0,0,0,0,0,0,0,0,0
728,stn20-d3-bulk-lam-t1,0.8105509,2.690032,0.707334239,1.770753879,1.722706706,0.99222175,0,0,0,0,0,0
729,stn20-d3-bulk-lam-t2,0.831355064,7.003560839,6.064441271,7.071476493,6.713159534,0.562831833,0,6.172205775,5.233086208,6.240121429,5.881804471,0.562831833
730,stn20-d3-bulk-lam-t3,0.656108348,5.456620663,6.052987776,5.967244828,5.825617756,0.322423796,0,4.800512315,5.396879429,5.31113648,5.169509408,0.322423796
731,stn20-d3-bulk-lam-t4,2.106957625,3.910676354,4.003422121,3.967113089,3.960403855,0.046735475,0,1.80371873,1.896464496,1.860155464,1.85344623,0.046735475
732,stn20-d3-bulk-lam-t5,2.029323661,2.477936526,2.683611436,2.476169619,2.54590586,0.119259799,0,0.448612865,0.654287774,0.446845958,0.516582199,0.119259799
733,stn20-d3-bulk-pul-t0,0,0,0,0,0,0,0,0,0,0,0,0
734,stn20-d3-bulk-pul-t1,0.220837858,1.46604753,1.814386018,2.488726036,1.923053195,0.519927157,0,0,0,0,0,0
735,stn20-d3-bulk-pul-t2,0.087310222,1.101135038,1.059997823,1.846751147,1.335961336,0.442834891,0,0,0,1.759440925,0.586480308,1.015813691
736,stn20-d3-bulk-pul-t3,0.016971677,0.910247849,2.694371573,3.078164697,2.227594706,1.156882166,0,0.893276173,2.677399896,3.06119302,2.21062303,1.156882166
737,stn20-d3-bulk-pul-t4,0,1.049579265,2.139445481,3.084841422,2.091288722,1.018485305,0,1.049579265,2.139445481,3.084841422,2.091288722,1.018485305
738,stn20-d3-bulk-pul-t5,0.089014974,2.401750353,4.034863538,3.477947597,3.304853829,0.830202239,0,2.312735379,3.945848564,3.388932623,3.215838855,0.830202239
739,stn20-d3-bulk-xyl-t0,0,0,0,0,0,0,0,0,0,0,0,0
740,stn20-d3-bulk-xyl-t1,0.156135857,2.654046483,1.734992586,4.500352526,2.963130531,1.408351381,0,2.497910626,1.578856729,4.344216669,2.806994674,1.408351381
741,stn20-d3-bulk-xyl-t2,0.384311783,11.97523797,12.03703954,12.48547392,12.16591714,0.278464108,0,11.59092618,11.65272775,12.10116214,11.78160536,0.278464108
742,stn20-d3-bulk-xyl-t3,0.389169897,7.264313309,7.144315904,7.356785373,7.255138195,0.106531478,0,6.875143412,6.755146007,6.967615475,6.865968298,0.106531478
743,stn20-d3-bulk-xyl-t4,0.340809312,4.836901802,4.777929598,4.985582831,4.866804744,0.107007503,0,4.496092491,4.437120287,4.644773519,4.525995432,0.107007503
744,stn20-d3-bulk-xyl-t5,1.857559687,2.630232698,2.713707413,2.750495587,2.698145233,0.061623264,0,0.772673011,0.856147727,0.8929359,0.840585546,0.061623264
745,stn20-d4-bulk-ara-t0,0,0,0,0,0,0,0,0,0,0,0,0
746,stn20-d4-bulk-ara-t1,2.610943614,2.975172813,3.763503499,4.185449197,3.641375169,0.614311589,0,0,0,0,0,0
747,stn20-d4-bulk-ara-t2,2.065810934,1.057709795,1.889930359,2.281571994,1.743070716,0.625008389,0,0,0,0,0,0
748,stn20-d4-bulk-ara-t3,0.438099504,0.47171864,0.545474526,0.360917028,0.459370065,0.092896356,0,0,0,0,0,0
749,stn20-d4-bulk-ara-t4,0.171620243,0.08174123,0.084102112,0.025355967,0.063733103,0.033256531,0,0,0,0,0,0
750,stn20-d4-bulk-ara-t5,0.073945095,0.180536132,0.166833908,0.234854246,0.194074762,0.03597447,0,0,0,0,0,0
751,stn20-d4-bulk-chn-t0,0,0,0,0,0,0,0,0,0,0,0,0
752,stn20-d4-bulk-chn-t1,1.206698151,6.66683068,2.788029414,5.288388547,4.914416214,1.966256925,0,0,0,0,0,0
753,stn20-d4-bulk-chn-t2,2.029939957,2.857663565,1.125571555,2.797141813,2.260125645,0.983018544,0,0,0,0,0,0
754,stn20-d4-bulk-chn-t3,0.880378329,1.562324082,0.557549448,2.126089734,1.415321088,0.794535756,0,0,0,0,0,0
755,stn20-d4-bulk-chn-t4,0.706996566,1.241672163,0.640967076,1.634419217,1.172352819,0.500340552,0,0,0,0,0,0
756,stn20-d4-bulk-chn-t5,0.410150427,0.475746458,0.116771249,0.537094642,0.376537449,0.22704572,0,0,0,0,0,0
757,stn20-d4-bulk-fuc-t0,0,0,0,0,0,0,0,0,0,0,0,0
758,stn20-d4-bulk-fuc-t1,1.67954294,2.355303258,5.367474775,3.540211011,3.754329681,1.517458209,0,0,0,0,0,0
759,stn20-d4-bulk-fuc-t2,1.549290428,1.136408058,3.76905213,1.603108931,2.16952304,1.404749946,0,0,0,0,0,0
760,stn20-d4-bulk-fuc-t3,0.566471558,0.354086493,0.494870483,1.100863396,0.649940124,0.396804588,0,0,0,0,0,0
761,stn20-d4-bulk-fuc-t4,0.368524149,0.298029554,0.513576485,0.557687732,0.456431257,0.138941625,0,0,0,0,0,0
762,stn20-d4-bulk-fuc-t5,0,0.229498961,0.472038091,0.78887495,0.496804001,0.280509157,0,0,0,0,0,0
763,stn20-d4-bulk-lam-t0,0,0,0,0,0,0,0,0,0,0,0,0
764,stn20-d4-bulk-lam-t1,0.96411348,2.449741725,5.613858375,5.36650142,4.476700506,1.759749355,0,0,0,0,0,0
765,stn20-d4-bulk-lam-t2,0.805083484,1.142621523,1.351984974,1.838828142,1.444478213,0.357200453,0,0,0,0,0,0
766,stn20-d4-bulk-lam-t3,0.17353713,0.093228505,0.150019078,0.101950011,0.115065865,0.030582863,0,0,0,0,0,0
767,stn20-d4-bulk-lam-t4,0.079876907,0.111904538,0.172574898,0.14466379,0.143047742,0.030367447,0,0.032027631,0.092697991,0.064786883,0.063170835,0.030367447
768,stn20-d4-bulk-lam-t5,0.025084435,0.288238801,0.668777375,0.82064641,0.592554195,0.274266194,0,0.263154366,0.64369294,0.795561976,0.567469761,0.274266194
769,stn20-d4-bulk-pul-t0,0,0,0,0,0,0,0,0,0,0,0,0
770,stn20-d4-bulk-pul-t1,4.818697243,8.931344037,12.16666158,21.61091685,14.23630749,6.58828258,0,0,0,0,0,0
771,stn20-d4-bulk-pul-t2,3.694822594,4.330302653,7.416949733,18.69051472,10.14592237,7.55906022,0,0,0,0,0,0
772,stn20-d4-bulk-pul-t3,0.764498979,1.148286231,0.119285865,0.423591797,0.563721298,0.528618621,0,0,0,0,0,0
773,stn20-d4-bulk-pul-t4,0.407282603,0.521967588,0.151163328,0.373808121,0.348979679,0.186644819,0,0,0,0,0,0
774,stn20-d4-bulk-pul-t5,0.183808378,0.435598366,0.582203155,1.487611557,0.835137693,0.56979369,0,0.251789988,0.398394777,1.30380318,0.651329315,0.56979369
775,stn20-d4-bulk-xyl-t0,0,0,0,0,0,0,0,0,0,0,0,0
776,stn20-d4-bulk-xyl-t1,0.018036393,0.033926302,0.703516379,0.033588322,0.257010335,0.386685615,0,0,0,0,0,0
777,stn20-d4-bulk-xyl-t2,0.183328868,0.017499962,0.544677607,0.019358165,0.193845245,0.303831159,0,0,0,0,0,0
778,stn20-d4-bulk-xyl-t3,0.00457044,0.006047105,0.182106886,0.010388367,0.066180786,0.10041841,0,0,0,0,0,0
779,stn20-d4-bulk-xyl-t4,0.00405954,0.058276476,0.213712131,0.056894013,0.10962754,0.09014255,0,0,0,0,0,0
780,stn20-d4-bulk-xyl-t5,0.072660447,0.166635954,0.151539698,0.068462959,0.128879537,0.052863942,0,0,0,0,0,0
781,stn20-d5-bulk-ara-t0,0,0,0,0,0,0,0,0,0,0,0,0
782,stn20-d5-bulk-ara-t1,3.611024475,2.056135759,5.09904521,4.742868096,3.966016355,1.663564983,0,0,0,0,0,0
783,stn20-d5-bulk-ara-t2,3.416624161,1.601748767,3.285883955,1.881875881,2.256502868,0.902406154,0,0,0,0,0,0
784,stn20-d5-bulk-ara-t3,0.954522782,1.251337799,2.078674316,0.618761789,1.316257968,0.73211824,0,0,0,0,0,0
785,stn20-d5-bulk-ara-t4,0.491672413,3.780537138,4.144897411,3.823264852,3.916233134,0.199178132,0,3.288864725,3.653224998,3.331592439,3.42456072,0.199178132
786,stn20-d5-bulk-ara-t5,0.042346561,2.021934092,2.170929159,1.952680398,2.04851455,0.111525876,0,1.979587531,2.128582598,1.910333837,2.006167989,0.111525876
787,stn20-d5-bulk-chn-t0,0,0,0,0,0,0,0,0,0,0,0,0
788,stn20-d5-bulk-chn-t1,10.12592826,7.362036218,2.676476461,7.761931516,5.933481398,2.827726991,0,0,0,0,0,0
789,stn20-d5-bulk-chn-t2,5.63720748,3.814830371,4.953309487,4.350404441,4.3728481,0.569571298,0,0,0,0,0,0
790,stn20-d5-bulk-chn-t3,2.754521779,0.4893424,1.461154475,0.400762499,0.783753125,0.588316277,0,0,0,0,0,0
791,stn20-d5-bulk-chn-t4,0.298545787,0.371560776,1.384892458,1.065578034,0.940677089,0.518083448,0,0,0,0,0,0
792,stn20-d5-bulk-chn-t5,1.058081092,0.37440983,0.641366024,0.802886578,0.60622081,0.216389626,0,0,0,0,0,0
793,stn20-d5-bulk-fuc-t0,0,0,0,0,0,0,0,0,0,0,0,0
794,stn20-d5-bulk-fuc-t1,3.640500454,0.637119825,2.479616581,1.234439197,1.450391868,0.940040021,0,0,0,0,0,0
795,stn20-d5-bulk-fuc-t2,2.081695375,1.495658827,1.364181353,0.450667191,1.103502457,0.569180986,0,0,0,0,0,0
796,stn20-d5-bulk-fuc-t3,2.570516801,1.192678848,0.547964285,1.268818715,1.003153949,0.396039824,0,0,0,0,0,0
797,stn20-d5-bulk-fuc-t4,0.722699901,0.253320411,0.6547984,0.395873224,0.434664012,0.203530558,0,0,0,0,0,0
798,stn20-d5-bulk-fuc-t5,0.107744135,0.4802653,0.37455996,0.245581403,0.366802221,0.117534122,0,0,0,0,0,0
799,stn20-d5-bulk-lam-t0,0,0,0,0,0,0,0,0,0,0,0,0
800,stn20-d5-bulk-lam-t1,2.569751006,0.283727508,0.646135507,3.621538161,1.517133725,1.831453906,0,0,0,0,0,0
801,stn20-d5-bulk-lam-t2,0.808887109,0.505596329,1.011114995,0.997757402,0.838156242,0.288082762,0,0,0,0,0,0
802,stn20-d5-bulk-lam-t3,0.273100642,1.683828425,2.066574692,2.036262148,1.928888422,0.212768687,0,1.410727783,1.79347405,1.763161506,1.65578778,0.212768687
803,stn20-d5-bulk-lam-t4,0.153414904,1.35813868,0.962309844,1.212745159,1.177731227,0.200223871,0,1.204723776,0.808894939,1.059330254,1.024316323,0.200223871
804,stn20-d5-bulk-lam-t5,0.939694571,0.976227469,0.894437428,0.864380879,0.911681925,0.057883024,0,0.036532898,0,0,0.012177633,0.021092278
805,stn20-d5-bulk-pul-t0,0,0,0,0,0,0,0,0,0,0,0,0
806,stn20-d5-bulk-pul-t1,7.190686466,7.141831719,10.43291449,10.51496865,9.363238288,1.924231945,0,0,0,0,0,0
807,stn20-d5-bulk-pul-t2,4.053424614,4.349122124,4.742626832,5.646072454,4.912607137,0.664973697,0,0,0,0,0,0
808,stn20-d5-bulk-pul-t3,1.402486169,1.573595308,2.197330635,1.608074429,1.793000124,0.350584618,0,0.171109139,0.794844466,0.20558826,0.390513955,0.350584618
809,stn20-d5-bulk-pul-t4,0.765538917,1.455440116,1.541372424,2.152858662,1.716557067,0.380283317,0,0.689901199,0.775833507,1.387319745,0.95101815,0.380283317
810,stn20-d5-bulk-pul-t5,0.422916973,0.773110916,0.779829994,0.749802938,0.767581282,0.015758765,0,0.350193943,0.356913021,0.326885965,0.344664309,0.015758765
811,stn20-d5-bulk-xyl-t0,0,0,0,0,0,0,0,0,0,0,0,0
812,stn20-d5-bulk-xyl-t1,0.016487543,0.039063802,0.014128578,0.01210135,0.021764577,0.015015819,0,0,0,0,0,0
813,stn20-d5-bulk-xyl-t2,0.020160317,0.024342536,0.206073973,0.031523128,0.087313213,0.102912482,0,0,0,0,0,0
814,stn20-d5-bulk-xyl-t3,0.002585353,0.018304514,0.042702509,0.002779919,0.021262314,0.020124978,0,0,0,0,0,0
815,stn20-d5-bulk-xyl-t4,0.004296682,0.00260141,0.045422317,0.003122261,0.017048663,0.024573686,0,0,0,0,0,0
816,stn20-d5-bulk-xyl-t5,0.135639031,2.180792736,0.983666292,0.297617561,1.15402553,0.953076013,0,2.045153705,0.848027261,0.16197853,1.018386499,0.953076013
817,stn20-d6-bulk-ara-t0,0,0,0,0,0,0,0,0,0,0,0,0
818,stn20-d6-bulk-ara-t1,6.533184917,3.3258923,3.183324152,4.51858767,3.675934707,0.733232181,0,0,0,0,0,0
819,stn20-d6-bulk-ara-t2,2.370686225,1.602231246,2.479785573,2.07818377,2.053400196,0.439301796,0,0,0,0,0,0
820,stn20-d6-bulk-ara-t3,1.507737979,0.855105685,0.724042913,1.349379372,0.97617599,0.329780133,0,0,0,0,0,0
821,stn20-d6-bulk-ara-t4,0.43101962,0.104462277,0.311977156,0.615892482,0.344110638,0.257224871,0,0,0,0,0,0
822,stn20-d6-bulk-ara-t5,0.349916093,0.164987965,0.141372214,0.079151869,0.128504016,0.044341309,0,0,0,0,0,0
823,stn20-d6-bulk-chn-t0,0,0,0,0,0,0,0,0,0,0,0,0
824,stn20-d6-bulk-chn-t1,8.582045893,7.410213901,7.744468589,4.747231633,6.633971374,1.642489479,0,0,0,0,0,0
825,stn20-d6-bulk-chn-t2,5.011893516,3.551183582,2.460555926,3.631561978,3.214433828,0.654113209,0,0,0,0,0,0
826,stn20-d6-bulk-chn-t3,3.004207818,2.224423291,2.195557416,2.148851535,2.189610747,0.038135216,0,0,0,0,0,0
827,stn20-d6-bulk-chn-t4,1.371125545,0.889999291,1.10268331,1.713401382,1.235361328,0.427434606,0,0,0,0,0,0
828,stn20-d6-bulk-chn-t5,0.808901017,0.620890293,0.384912,0.481236369,0.495679554,0.118650297,0,0,0,0,0,0
829,stn20-d6-bulk-fuc-t0,0,0,0,0,0,0,0,0,0,0,0,0
830,stn20-d6-bulk-fuc-t1,6.718998122,0.85052082,1.253091411,5.629013351,2.577541861,2.650306485,0,0,0,0,0,0
831,stn20-d6-bulk-fuc-t2,3.771181163,0.477762058,1.975603255,1.325382756,1.25958269,0.751085414,0,0,0,0,0,0
832,stn20-d6-bulk-fuc-t3,1.954152106,0.001181841,0.520884519,0.430732209,0.317599523,0.27770843,0,0,0,0,0,0
833,stn20-d6-bulk-fuc-t4,1.140596656,0.642950687,2.024608193,2.417353434,1.694970772,0.931998873,0,0,0,0,0,0
834,stn20-d6-bulk-fuc-t5,0.683613337,0.486766997,0.627411656,1.206181508,0.773453387,0.38129444,0,0,0,0,0,0
835,stn20-d6-bulk-lam-t0,0,0,0,0,0,0,0,0,0,0,0,0
836,stn20-d6-bulk-lam-t1,2.222079105,1.132852932,1.590882328,3.989315065,2.237683442,1.534147235,0,0,0,0,0,0
837,stn20-d6-bulk-lam-t2,1.946154448,0.924274204,1.41711051,2.504916538,1.615433751,0.808768587,0,0,0,0,0,0
838,stn20-d6-bulk-lam-t3,0.863103926,1.846072572,1.781435009,1.49446041,1.707322663,0.187155705,0,0.982968645,0.918331083,0.631356483,0.844218737,0.187155705
839,stn20-d6-bulk-lam-t4,0.57060432,1.354531244,1.262943793,1.351767938,1.323080992,0.052098665,0,0.783926925,0.692339474,0.781163619,0.752476672,0.052098665
840,stn20-d6-bulk-lam-t5,0.318449831,0.856228562,0.879896645,1.419544952,1.051890053,0.318618327,0,0.537778731,0.561446813,1.101095121,0.733440222,0.318618327
841,stn20-d6-bulk-pul-t0,0,0,0,0,0,0,0,0,0,0,0,0
842,stn20-d6-bulk-pul-t1,10.74401995,4.922442243,11.81289438,19.5273525,12.08756304,7.306328289,0,0,0,0,0,0
843,stn20-d6-bulk-pul-t2,9.302461753,3.38442914,4.294513029,6.313641592,4.664194587,1.499189694,0,0,0,0,0,0
844,stn20-d6-bulk-pul-t3,3.787657893,1.195934494,1.865141589,1.906224533,1.655766872,0.398755958,0,0,0,0,0,0
845,stn20-d6-bulk-pul-t4,2.115992329,1.006680209,0.610142678,0.496388731,0.704403873,0.267886595,0,0,0,0,0,0
846,stn20-d6-bulk-pul-t5,1.644034686,0.938576424,0.772108203,1.331854383,1.01417967,0.287429704,0,0,0,0,0,0
847,stn20-d6-bulk-xyl-t0,0,0,0,0,0,0,0,0,0,0,0,0
848,stn20-d6-bulk-xyl-t1,0.264498003,0.258452335,0.039452055,0.027482469,0.108462286,0.130032991,0,0,0,0,0,0
849,stn20-d6-bulk-xyl-t2,0.01233961,0.183189775,0.076534196,0.026436516,0.095386829,0.080059118,0,0,0,0,0,0
850,stn20-d6-bulk-xyl-t3,0.004466026,0.021315238,0.00860214,0.007544371,0.01248725,0.007663534,0,0,0,0,0,0
851,stn20-d6-bulk-xyl-t4,0.003933878,0.000513104,0.013503365,0.005338142,0.006451537,0.006566312,0,0,0,0,0,0
852,stn20-d6-bulk-xyl-t5,0.065336536,0.201682515,0.094293174,0.076540204,0.124171964,0.067710458,0,0,0,0,0,0
853,stn20-d7-bulk-ara-t0,0,0,0,0,0,0,0,0,0,0,0,0
854,stn20-d7-bulk-ara-t1,3.022439743,30.1787217,5.83870658,0.235522103,12.08431679,15.91868511,0,0,0,0,0,0
855,stn20-d7-bulk-ara-t3,0.093047984,0.851122074,2.605258727,0.862350856,1.439577219,1.009525411,0,0,0,0,0,0
856,stn20-d7-bulk-ara-t4,0.004364552,0.820292234,1.046245278,0.695628274,0.854055262,0.17773021,0,0,0,0,0,0
857,stn20-d7-bulk-ara-t5,0.074472767,0.397156899,0.835020928,0.52276304,0.584980289,0.225465001,0,0,0,0,0,0
858,stn20-d7-bulk-ara-t6,0.471711935,1.017090616,0.796596767,0.76413051,0.859272631,0.137635031,0,0,0,0,0,0
859,stn20-d7-bulk-ara-t7,0.412984173,0.541996127,0.551858632,0.567920554,0.553925105,0.013085171,0,0,0,0,0,0
860,stn20-d7-bulk-chn-t0,0,0,0,0,0,0,0,0,0,0,0,0
861,stn20-d7-bulk-chn-t1,60.55107675,6.074250021,0,20.91896323,8.997737752,10.76154455,0,0,0,0,0,0
862,stn20-d7-bulk-chn-t3,0.741867454,0.018359458,0,2.384235784,0.800865081,1.371269979,0,0,0,0,0,0
863,stn20-d7-bulk-chn-t4,0.635281055,0,0.468832029,1.515573048,0.661468359,0.775932975,0,0,0,0,0,0
864,stn20-d7-bulk-chn-t5,0.562693856,0.415363394,0.20156926,1.49933929,0.705423981,0.695811125,0,0,0,0,0,0
865,stn20-d7-bulk-chn-t6,1.347905762,1.198718583,0.530087105,1.172883314,0.967229667,0.378796885,0,0,0,0,0,0
866,stn20-d7-bulk-chn-t7,1.078158796,2.243229438,1.71375559,1.258475213,1.738486747,0.492842717,0,1.165070642,0.635596794,0,0.600222479,0.583340301
867,stn20-d7-bulk-fuc-t0,0,0,0,0,0,0,0,0,0,0,0,0
868,stn20-d7-bulk-fuc-t1,10.59003661,0.061075172,30.40152434,36.52213507,22.32824486,19.52525553,0,0,0,0,0,0
869,stn20-d7-bulk-fuc-t3,1.229127041,0.678627878,1.934759455,1.374832062,1.329406465,0.62929663,0,0,0,0,0,0
870,stn20-d7-bulk-fuc-t4,0.203520315,0.723941352,1.009839176,0.978351722,0.904044083,0.156766101,0,0,0,0,0,0
871,stn20-d7-bulk-fuc-t5,0.806021771,0.837512865,0.75459052,1.692830194,1.09497786,0.519412735,0,0,0,0,0,0
872,stn20-d7-bulk-fuc-t6,1.129921465,0.819144001,0.609702381,0.954455139,0.79443384,0.173699626,0,0,0,0,0,0
873,stn20-d7-bulk-fuc-t7,1.001839504,0.982099176,0.384770778,0.475619521,0.614163158,0.321863416,0,0,0,0,0,0
874,stn20-d7-bulk-lam-t0,0,0,0,0,0,0,0,0,0,0,0,0
875,stn20-d7-bulk-lam-t1,4.57403042,13.2550007,1.385951031,20.69405885,11.77833686,9.738385849,0,0,0,0,0,0
876,stn20-d7-bulk-lam-t3,0.47778707,3.099860374,0.664537202,3.700921991,2.488439856,1.607881971,0,0,0,0,0,0
877,stn20-d7-bulk-lam-t4,1.033777096,0.109826207,0.455416087,0.459794303,0.341678865,0.200802225,0,0,0,0,0,0
878,stn20-d7-bulk-lam-t5,0.004806442,0.011921643,0.016125356,0.140354748,0.056133916,0.072967659,0,0,0,0,0,0
879,stn20-d7-bulk-lam-t6,0.002477004,0.012459949,0.016256503,0.008071563,0.012262672,0.004096035,0,0,0,0,0,0
880,stn20-d7-bulk-lam-t7,0.001831901,0.140988372,0.285900326,0.837713994,0.421534231,0.367633058,0,0,0.284068424,0.835882093,0.373316839,0.425027856
881,stn20-d7-bulk-pul-t0,0,0,0,0,0,0,0,0,0,0,0,0
882,stn20-d7-bulk-pul-t1,6.798851984,0.044012715,0.282937433,3.139718828,1.155556325,1.722482767,0,0,0,0,0,0
883,stn20-d7-bulk-pul-t3,0,1.440095433,0.623437169,0.461600304,0.841710968,0.524495728,0,0,0,0,0,0
884,stn20-d7-bulk-pul-t4,0,0.008392357,0.050379828,0.212224069,0.090332085,0.107628894,0,0,0,0,0,0
885,stn20-d7-bulk-pul-t5,0,0,0.007732282,0.134994011,0.047575431,0.075805364,0,0,0,0,0,0
886,stn20-d7-bulk-pul-t6,0.036959679,0,0,0.041474807,0.013824936,0.023945491,0,0,0,0,0,0
887,stn20-d7-bulk-pul-t7,0.106580243,0,0,0.027552774,0.009184258,0.015907602,0,0,0,0,0,0
888,stn20-d7-bulk-xyl-t0,0,0,0,0,0,0,0,0,0,0,0,0
889,stn20-d7-bulk-xyl-t1,6.565563255,0.991961905,1.138136603,11.37055306,4.500217191,5.950334278,0,0,0,0,0,0
890,stn20-d7-bulk-xyl-t3,0.535019815,0.337172287,0.92783122,0.393842748,0.552948752,0.325891906,0,0,0,0,0,0
891,stn20-d7-bulk-xyl-t4,0.33182903,0.267633613,0.2485062,0.312791753,0.276310522,0.033009463,0,0,0,0,0,0
892,stn20-d7-bulk-xyl-t5,0.224488242,0.075632591,0.293920753,0.343808417,0.237787254,0.142628173,0,0,0,0,0,0
893,stn20-d7-bulk-xyl-t6,0.060490333,0.130703872,0.125829175,0.112290782,0.122941276,0.009540201,0,0,0,0,0,0
894,stn20-d7-bulk-xyl-t7,0.082283184,0.148193359,0.173372761,0.123997511,0.14852121,0.024689258,0,0,0,0,0,0
